ANL_index,ANL_Run,ANL_Table,DIA_in,LENGTH_in,G_1e6,Hsub_BTUlb,qCHF_1e6,ANL_dh_exit_BTUlb,ANL_Note,match_status,TM_EXPT_NO,TM_Exit_Quality,TM_flag
1,8-53,ANL_Table_I_D0p304,0.304,18.0,1.89,299.0,1.7,-86.5,,MATCH_EXACT,381.09,-0.186,
2,8-54,ANL_Table_I_D0p304,0.304,18.0,1.93,223.0,1.42,-49.0,,MATCH_EXACT,385.09,-0.105,
3,8-55,ANL_Table_I_D0p304,0.304,18.0,2.0,184.0,1.29,-31.5,,MATCH_EXACT,395.09,-0.067,
4,8-56,ANL_Table_I_D0p304,0.304,18.0,1.97,155.0,1.14,-17.0,,MATCH_EXACT,392.09,-0.039,
5,8-57,ANL_Table_I_D0p304,0.304,18.0,1.95,118.0,0.995,4.5,,MATCH_EXACT,387.09,0.006,
6,8-58,ANL_Table_I_D0p304,0.304,18.0,1.91,91.0,0.855,15.5,,MATCH_EXACT,383.09,0.032,
7,8-59,ANL_Table_I_D0p304,0.304,18.0,1.88,63.0,0.72,27.0,,MATCH_EXACT,380.09,0.06,
8,8-60,ANL_Table_I_D0p304,0.304,18.0,1.93,27.0,0.58,44.5,,MATCH_EXACT,386.09,0.095,
9,8-61,ANL_Table_I_D0p304,0.304,18.0,1.95,284.0,1.67,-81.5,,MATCH_EXACT,388.09,-0.175,
10,8-62,ANL_Table_I_D0p304,0.304,18.0,1.95,221.0,1.44,-46.5,,MATCH_EXACT,389.09,-0.099,
11,8-63,ANL_Table_I_D0p304,0.304,18.0,1.99,170.0,1.23,-23.5,,MATCH_EXACT,394.09,-0.051,
12,8-64,ANL_Table_I_D0p304,0.304,18.0,1.98,155.0,1.14,-17.5,,MATCH_EXACT,393.09,-0.04,
13,8-65,ANL_Table_I_D0p304,0.304,18.0,1.96,119.0,1.0,2.0,,MATCH_EXACT,390.09,0.004,
14,8-66,ANL_Table_I_D0p304,0.304,18.0,1.92,96.0,0.865,11.0,,MATCH_EXACT,384.09,0.023,
15,8-67,ANL_Table_I_D0p304,0.304,18.0,1.89,62.0,0.715,28.0,,MATCH_EXACT,382.09,0.06,
16,8-68,ANL_Table_I_D0p304,0.304,18.0,1.96,28.0,0.57,41.0,,MATCH_EXACT,391.09,0.088,
17,8-69,ANL_Table_I_D0p304,0.304,18.0,1.48,364.0,1.62,-103.5,Howling in test section,MATCH_EXACT,373.09,-0.226,
18,8-70,ANL_Table_I_D0p304,0.304,18.0,1.5,295.0,1.43,-69.5,,MATCH_EXACT,377.09,-0.149,
19,8-71,ANL_Table_I_D0p304,0.304,18.0,1.49,248.0,1.27,-46.0,,MATCH_EXACT,376.09,-0.1,
20,8-72,ANL_Table_I_D0p304,0.304,18.0,1.48,214.0,1.14,-30.0,,MATCH_EXACT,374.09,-0.068,
21,8-73,ANL_Table_I_D0p304,0.304,18.0,1.46,167.0,0.99,-6.5,,MATCH_EXACT,370.09,-0.014,
22,8-75,ANL_Table_I_D0p304,0.304,18.0,1.5,125.0,0.865,12.0,,MATCH_EXACT,378.09,0.025,
23,8-76,ANL_Table_I_D0p304,0.304,18.0,1.46,86.0,0.715,30.0,,MATCH_EXACT,371.09,0.065,
24,8-77,ANL_Table_I_D0p304,0.304,18.0,1.5,47.0,0.571,44.0,,MATCH_EXACT,379.09,0.093,
25,8-78,ANL_Table_I_D0p304,0.304,18.0,1.48,17.0,0.48,60.0,,MATCH_EXACT,375.09,0.129,
26,8-79,ANL_Table_I_D0p304,0.304,18.0,1.47,372.0,1.63,-109.5,Howling in test section,MATCH_EXACT,372.09,-0.236,
27,8-34,ANL_Table_I_D0p304,0.304,18.0,1.23,426.0,1.65,-109.5,,MATCH_EXACT,359.09,-0.234,
28,8-35,ANL_Table_I_D0p304,0.304,18.0,1.22,347.0,1.37,-81.0,,MATCH_EXACT,354.09,-0.175,
29,8-36,ANL_Table_I_D0p304,0.304,18.0,1.22,317.0,1.29,-66.5,,MATCH_EXACT,355.09,-0.144,
30,8-37,ANL_Table_I_D0p304,0.304,18.0,1.28,251.0,1.15,-38.5,,MATCH_EXACT,369.09,-0.082,
31,8-38,ANL_Table_I_D0p304,0.304,18.0,1.25,197.0,0.98,-11.5,,MATCH_EXACT,368.09,-0.024,
32,8-39,ANL_Table_I_D0p304,0.304,18.0,1.24,151.0,0.84,8.0,,MATCH_AMBIGUOUS_IDENTICAL,"363.09, 366.09","0.02, 0.02",", "
33,8-40,ANL_Table_I_D0p304,0.304,18.0,1.24,117.0,0.74,23.5,,MATCH_EXACT,364.09,0.053,
34,8-41,ANL_Table_I_D0p304,0.304,18.0,1.22,74.0,0.595,42.0,,MATCH_EXACT,356.09,0.09,
35,8-42,ANL_Table_I_D0p304,0.304,18.0,1.19,39.0,0.498,60.0,,MATCH_EXACT,352.09,0.13,
36,8-43,ANL_Table_I_D0p304,0.304,18.0,1.23,428.0,1.64,-113.5,Howling in test section,MATCH_EXACT,360.09,-0.242,
37,8-44,ANL_Table_I_D0p304,0.304,18.0,1.22,356.0,1.42,-80.0,,MATCH_EXACT,357.09,-0.173,
38,8-45,ANL_Table_I_D0p304,0.304,18.0,1.23,310.0,1.29,-62.5,,MATCH_EXACT,361.09,-0.133,
39,8-46,ANL_Table_I_D0p304,0.304,18.0,1.23,256.0,1.14,-35.5,,MATCH_EXACT,362.09,-0.079,
40,8-47,ANL_Table_I_D0p304,0.304,18.0,1.24,207.0,1.0,-16.5,,MATCH_EXACT,365.09,-0.035,
41,8-48,ANL_Table_I_D0p304,0.304,18.0,1.24,151.0,0.84,10.0,,MATCH_AMBIGUOUS_IDENTICAL,"363.09, 366.09","0.02, 0.02",", "
42,8-49,ANL_Table_I_D0p304,0.304,18.0,1.24,112.0,0.715,25.0,,MATCH_EXACT,367.09,0.053,
43,8-50,ANL_Table_I_D0p304,0.304,18.0,1.22,67.0,0.572,44.0,,MATCH_EXACT,358.09,0.095,
44,8-51,ANL_Table_I_D0p304,0.304,18.0,1.18,35.0,0.484,62.0,,MATCH_EXACT,351.09,0.134,
45,8-52,ANL_Table_I_D0p304,0.304,18.0,1.2,17.0,0.458,73.5,,MATCH_EXACT,353.09,0.158,
46,7-1,ANL_Table_I_D0p304,0.304,18.0,0.985,349.0,1.15,-72.0,,MATCH_EXACT,329.09,-0.156,
47,7-2,ANL_Table_I_D0p304,0.304,18.0,0.951,207.0,0.855,5.0,,MATCH_EXACT,326.09,0.013,
48,7-3,ANL_Table_I_D0p304,0.304,18.0,1.03,452.0,1.425,-126.0,,MATCH_EXACT,348.09,-0.268,
49,7-4,ANL_Table_I_D0p304,0.304,18.0,0.996,327.0,1.13,-59.0,,MATCH_EXACT,332.09,-0.126,
50,7-5,ANL_Table_I_D0p304,0.304,18.0,0.96,200.0,0.855,11.0,,MATCH_EXACT,327.09,0.024,
51,7-6,ANL_Table_I_D0p304,0.304,18.0,0.972,137.0,0.735,42.5,,MATCH_EXACT,328.09,0.091,
52,7-7,ANL_Table_I_D0p304,0.304,18.0,0.99,85.0,0.573,51.5,,MATCH_EXACT,331.09,0.112,
53,7-8,ANL_Table_I_D0p304,0.304,18.0,1.0,21.0,0.43,81.5,,MATCH_EXACT,334.09,0.174,
54,7-9,ANL_Table_I_D0p304,0.304,18.0,1.08,480.0,1.57,-138.0,,MATCH_EXACT,350.09,-0.293,
55,7-10,ANL_Table_I_D0p304,0.304,18.0,1.02,385.0,1.29,-87.0,,MATCH_EXACT,343.09,-0.184,
56,7-11,ANL_Table_I_D0p304,0.304,18.0,1.04,258.0,1.0,-30.0,,MATCH_EXACT,349.09,-0.065,
57,7-12,ANL_Table_I_D0p304,0.304,18.0,1.01,196.0,0.86,5.5,,MATCH_EXACT,340.09,0.012,
58,7-13,ANL_Table_I_D0p304,0.304,18.0,1.02,129.0,0.715,37.0,,MATCH_EXACT,344.09,0.08,
59,7-14,ANL_Table_I_D0p304,0.304,18.0,1.0,74.0,0.565,60.0,,MATCH_EXACT,335.09,0.129,
60,7-15,ANL_Table_I_D0p304,0.304,18.0,1.02,41.0,0.485,71.0,,MATCH_EXACT,345.09,0.155,
61,7-16,ANL_Table_I_D0p304,0.304,18.0,0.987,16.0,0.425,86.5,,MATCH_EXACT,330.09,0.186,
62,7-30,ANL_Table_I_D0p304,0.304,18.0,1.01,556.0,1.69,-159.5,,MATCH_EXACT,341.09,-0.345,
63,7-31,ANL_Table_I_D0p304,0.304,18.0,1.0,441.0,1.43,-105.0,,MATCH_EXACT,336.09,-0.221,
64,8-1,ANL_Table_I_D0p304,0.304,18.0,1.0,525.0,1.57,-155.0,,MATCH_EXACT,337.09,-0.331,
65,8-2,ANL_Table_I_D0p304,0.304,18.0,1.01,456.0,1.43,-121.0,,MATCH_EXACT,342.09,-0.26,
66,8-3,ANL_Table_I_D0p304,0.304,18.0,1.0,400.0,1.3,-105.5,,MATCH_EXACT,338.09,-0.199,
67,8-5,ANL_Table_I_D0p304,0.304,18.0,0.998,268.0,1.02,-26.5,,MATCH_EXACT,333.09,-0.056,
68,8-6,ANL_Table_I_D0p304,0.304,18.0,1.02,198.0,0.855,0.5,,MATCH_EXACT,346.09,0.001,
69,8-7,ANL_Table_I_D0p304,0.304,18.0,1.02,144.0,0.715,22.5,,MATCH_EXACT,347.09,0.048,
70,8-8,ANL_Table_I_D0p304,0.304,18.0,1.0,96.0,0.58,41.5,,MATCH_EXACT,339.09,0.089,
71,8-9,ANL_Table_I_D0p304,0.304,18.0,0.9,27.0,0.44,89.5,,MATCH_EXACT,325.09,0.192,
72,8-17,ANL_Table_I_D0p304,0.304,18.0,0.71,544.0,1.28,-117.5,,MATCH_EXACT,324.09,-0.253,
73,8-19,ANL_Table_I_D0p304,0.304,18.0,0.705,404.0,1.0,-65.5,,MATCH_EXACT,322.09,-0.147,
74,8-20,ANL_Table_I_D0p304,0.304,18.0,0.687,299.0,0.86,-2.0,,MATCH_EXACT,317.09,-0.005,
75,8-21,ANL_Table_I_D0p304,0.304,18.0,0.683,216.0,0.72,34.0,,MATCH_EXACT,313.09,0.073,
76,8-22,ANL_Table_I_D0p304,0.304,18.0,0.673,112.0,0.545,79.5,,MATCH_EXACT,310.09,0.172,
77,8-23,ANL_Table_I_D0p304,0.304,18.0,0.673,68.5,0.48,100.5,,MATCH_EXACT,311.09,0.217,
78,8-24,ANL_Table_I_D0p304,0.304,18.0,0.69,42.5,0.434,102.5,,MATCH_EXACT,318.09,0.23,
79,8-25,ANL_Table_I_D0p304,0.304,18.0,0.69,557.0,1.29,-116.5,,MATCH_EXACT,319.09,-0.246,
80,8-26,ANL_Table_I_D0p304,0.304,18.0,0.705,489.0,1.14,-105.0,,MATCH_EXACT,323.09,-0.229,
81,8-27,ANL_Table_I_D0p304,0.304,18.0,0.695,407.0,1.0,-65.5,,MATCH_EXACT,320.09,-0.143,
82,8-28,ANL_Table_I_D0p304,0.304,18.0,0.685,306.0,0.86,-10.0,,MATCH_EXACT,314.09,-0.019,
83,8-29,ANL_Table_I_D0p304,0.304,18.0,0.682,208.0,0.707,37.0,,MATCH_EXACT,312.09,0.081,
84,8-30,ANL_Table_I_D0p304,0.304,18.0,0.685,119.0,0.57,77.0,,MATCH_EXACT,315.09,0.168,
85,8-31,ANL_Table_I_D0p304,0.304,18.0,0.685,68.5,0.485,98.5,,MATCH_EXACT,316.09,0.214,
86,8-32,ANL_Table_I_D0p304,0.304,18.0,0.696,42.5,0.431,104.5,,MATCH_EXACT,321.09,0.225,
87,8-33,ANL_Table_I_D0p304,0.304,18.0,0.656,10.0,0.386,129.0,,MATCH_EXACT,309.09,0.279,
88,7-17,ANL_Table_I_D0p304,0.304,18.0,0.512,556.0,1.14,-26.5,,MATCH_EXACT,304.09,-0.062,
89,7-18,ANL_Table_I_D0p304,0.304,18.0,0.541,524.0,1.0,-85.0,,MATCH_EXACT,307.09,-0.186,
90,7-19,ANL_Table_I_D0p304,0.304,18.0,0.511,391.0,0.86,6.0,,MATCH_EXACT,302.09,0.016,
91,7-20,ANL_Table_I_D0p304,0.304,18.0,0.495,266.0,0.685,62.5,,MATCH_EXACT,297.09,0.133,
92,7-21,ANL_Table_I_D0p304,0.304,18.0,0.545,565.0,1.1,-84.5,,MATCH_EXACT,308.09,-0.188,
93,7-22,ANL_Table_I_D0p304,0.304,18.0,0.52,554.0,1.08,-62.5,,MATCH_EXACT,305.09,-0.134,
94,7-23,ANL_Table_I_D0p304,0.304,18.0,0.491,460.0,0.975,9.0,,MATCH_EXACT,294.09,0.022,
95,7-24,ANL_Table_I_D0p304,0.304,18.0,0.5,391.0,0.86,14.0,,MATCH_EXACT,299.09,0.035,
96,7-25,ANL_Table_I_D0p304,0.304,18.0,0.485,273.0,0.715,77.0,,MATCH_EXACT,293.09,0.164,
97,7-26,ANL_Table_I_D0p304,0.304,18.0,0.491,147.0,0.55,117.0,,MATCH_EXACT,295.09,0.255,
98,7-27,ANL_Table_I_D0p304,0.304,18.0,0.511,94.0,0.488,130.0,,MATCH_EXACT,303.09,0.285,
99,7-28,ANL_Table_I_D0p304,0.304,18.0,0.496,66.0,0.435,142.5,,MATCH_EXACT,298.09,0.306,
100,7-29,ANL_Table_I_D0p304,0.304,18.0,0.47,4.5,0.37,182.0,,MATCH_EXACT,291.09,0.393,
101,8-10,ANL_Table_I_D0p304,0.304,18.0,0.508,538.0,1.0,-72.5,,MATCH_EXACT,301.09,-0.155,
102,8-12,ANL_Table_I_D0p304,0.304,18.0,0.52,295.0,0.715,31.5,,MATCH_EXACT,306.09,0.066,
103,8-13,ANL_Table_I_D0p304,0.304,18.0,0.5,192.0,0.572,78.0,,MATCH_EXACT,300.09,0.17,
104,8-14,ANL_Table_I_D0p304,0.304,18.0,0.491,105.0,0.484,127.5,,MATCH_EXACT,296.09,0.277,
105,8-15,ANL_Table_I_D0p304,0.304,18.0,0.48,71.5,0.43,140.5,,MATCH_EXACT,292.09,0.304,
106,8-16,ANL_Table_I_D0p304,0.304,18.0,0.466,20.0,0.37,167.0,,MATCH_EXACT,290.09,0.363,
107,18-1,ANL_Table_II_D0p436,0.436,18.0,1.55,514.0,1.26,-380.0,Runs 18-1..4: effect of surface condition,MATCH_EXACT,649.09,-0.82,J
108,18-2,ANL_Table_II_D0p436,0.436,18.0,1.51,401.0,1.13,-277.5,Runs 18-1..4: effect of surface condition,MATCH_EXACT,644.09,-0.599,J
109,18-3,ANL_Table_II_D0p436,0.436,18.0,1.53,237.0,1.04,-126.0,Runs 18-1..4: effect of surface condition,MATCH_EXACT,648.09,-0.269,J
110,18-4,ANL_Table_II_D0p436,0.436,18.0,1.47,149.0,0.954,-42.0,Runs 18-1..4: effect of surface condition,MATCH_EXACT,633.09,-0.09,J
111,18-5,ANL_Table_II_D0p436,0.436,18.0,1.47,98.0,0.838,-4.5,,MATCH_EXACT,634.09,-0.008,J
112,18-6,ANL_Table_II_D0p436,0.436,18.0,1.47,77.0,0.741,6.0,,MATCH_EXACT,635.09,0.013,J
113,18-7,ANL_Table_II_D0p436,0.436,18.0,1.45,61.5,0.639,10.5,,MATCH_EXACT,632.09,0.024,J
114,18-8,ANL_Table_II_D0p436,0.436,18.0,1.35,26.5,0.559,41.0,,MATCH_EXACT,626.09,0.09,J
115,18-18,ANL_Table_II_D0p436,0.436,18.0,1.42,250.0,1.24,-106.0,,MATCH_EXACT,628.09,-0.228,J
116,18-19,ANL_Table_II_D0p436,0.436,18.0,1.44,197.0,1.14,-67.0,,MATCH_EXACT,629.09,-0.143,J
117,18-20,ANL_Table_II_D0p436,0.436,18.0,1.48,145.0,0.997,-34.0,,MATCH_EXACT,638.09,-0.073,J
118,18-21,ANL_Table_II_D0p436,0.436,18.0,1.47,120.0,0.897,-20.0,,MATCH_EXACT,636.09,-0.042,J
119,18-22,ANL_Table_II_D0p436,0.436,18.0,1.47,97.0,0.8,-7.5,,MATCH_EXACT,637.09,-0.015,J
120,18-23,ANL_Table_II_D0p436,0.436,18.0,1.44,68.5,0.709,12.5,,MATCH_EXACT,630.09,0.028,J
121,18-24,ANL_Table_II_D0p436,0.436,18.0,1.4,37.5,0.583,31.0,,MATCH_EXACT,627.09,0.067,J
122,18-25,ANL_Table_II_D0p436,0.436,18.0,1.33,25.0,0.536,41.0,,MATCH_EXACT,625.09,0.09,J
123,18-36,ANL_Table_II_D0p436,0.436,18.0,1.48,246.0,1.32,-99.5,,MATCH_EXACT,639.09,-0.213,J
124,18-37,ANL_Table_II_D0p436,0.436,18.0,1.52,195.0,1.19,-65.5,,MATCH_EXACT,647.09,-0.142,J
125,18-38,ANL_Table_II_D0p436,0.436,18.0,1.5,162.0,1.085,-42.5,,MATCH_EXACT,641.09,-0.092,J
126,18-39,ANL_Table_II_D0p436,0.436,18.0,1.5,160.0,1.075,-41.5,,MATCH_EXACT,642.09,-0.09,J
127,18-40,ANL_Table_II_D0p436,0.436,18.0,1.5,145.0,0.997,-35.5,,MATCH_EXACT,643.09,-0.076,J
128,18-41,ANL_Table_II_D0p436,0.436,18.0,1.49,118.0,0.897,-18.5,,MATCH_EXACT,640.09,-0.04,J
129,18-42,ANL_Table_II_D0p436,0.436,18.0,1.51,91.5,0.804,-4.5,,MATCH_EXACT,645.09,-0.008,J
130,18-43,ANL_Table_II_D0p436,0.436,18.0,1.51,62.5,0.705,14.5,,MATCH_EXACT,646.09,0.032,J
131,18-44,ANL_Table_II_D0p436,0.436,18.0,1.44,40.5,0.595,27.5,,MATCH_EXACT,631.09,0.06,J
132,18-45,ANL_Table_II_D0p436,0.436,18.0,1.3,10.0,0.499,53.0,,MATCH_EXACT,624.09,0.115,J
133,18-9,ANL_Table_II_D0p436,0.436,18.0,0.991,353.0,1.24,-147.5,,MATCH_EXACT,610.09,-0.316,J
134,18-10,ANL_Table_II_D0p436,0.436,18.0,0.978,303.0,1.14,-111.5,,MATCH_EXACT,607.09,-0.238,J
135,18-11,ANL_Table_II_D0p436,0.436,18.0,0.995,256.0,1.03,-85.0,,MATCH_EXACT,615.09,-0.184,J
136,18-12,ANL_Table_II_D0p436,0.436,18.0,1.0,207.0,0.937,-54.0,,MATCH_EXACT,616.09,-0.113,J
137,18-13,ANL_Table_II_D0p436,0.436,18.0,0.992,170.0,0.837,-31.5,,MATCH_EXACT,614.09,-0.066,J
138,18-14,ANL_Table_II_D0p436,0.436,18.0,0.99,127.0,0.734,-4.5,,MATCH_EXACT,609.09,-0.01,J
139,18-15,ANL_Table_II_D0p436,0.436,18.0,0.991,87.5,0.638,18.5,,MATCH_EXACT,611.09,0.041,J
140,18-16,ANL_Table_II_D0p436,0.436,18.0,0.991,39.0,0.522,47.5,,MATCH_EXACT,612.09,0.104,J
141,18-17,ANL_Table_II_D0p436,0.436,18.0,0.885,8.5,0.443,73.5,,MATCH_EXACT,606.09,0.16,J
142,18-26,ANL_Table_II_D0p436,0.436,18.0,0.991,361.0,1.3,-146.0,,MATCH_EXACT,613.09,-0.312,J
143,18-27,ANL_Table_II_D0p436,0.436,18.0,0.98,305.0,1.165,-109.5,,MATCH_EXACT,608.09,-0.235,J
144,18-28,ANL_Table_II_D0p436,0.436,18.0,1.01,292.0,1.1,-111.5,,MATCH_EXACT,619.09,-0.242,J
145,18-29,ANL_Table_II_D0p436,0.436,18.0,1.0,246.0,1.01,-79.5,,MATCH_EXACT,617.09,-0.171,J
146,18-30,ANL_Table_II_D0p436,0.436,18.0,1.0,202.0,0.897,-54.5,,MATCH_EXACT,618.09,-0.116,J
147,18-31,ANL_Table_II_D0p436,0.436,18.0,1.01,160.0,0.794,-30.0,,MATCH_EXACT,620.09,-0.065,J
148,18-32,ANL_Table_II_D0p436,0.436,18.0,1.04,117.0,0.699,-6.5,,MATCH_EXACT,623.09,-0.013,J
149,18-33,ANL_Table_II_D0p436,0.436,18.0,1.03,73.0,0.586,21.0,,MATCH_EXACT,622.09,0.045,J
150,18-34,ANL_Table_II_D0p436,0.436,18.0,1.01,37.5,0.505,45.0,,MATCH_EXACT,621.09,0.097,J
151,18-35,ANL_Table_II_D0p436,0.436,18.0,0.795,6.5,0.405,77.0,,MATCH_EXACT,605.09,0.168,J
152,18-46,ANL_Table_II_D0p436,0.436,18.0,0.514,524.0,1.22,-134.0,,MATCH_EXACT,604.09,-0.285,J
153,18-47,ANL_Table_II_D0p436,0.436,18.0,0.506,446.0,1.1,-90.0,,MATCH_EXACT,594.09,-0.188,J
154,18-48,ANL_Table_II_D0p436,0.436,18.0,0.496,362.0,1.02,-25.0,,MATCH_EXACT,585.09,-0.048,J
155,18-49,ANL_Table_II_D0p436,0.436,18.0,0.506,320.0,0.914,-24.0,,MATCH_EXACT,595.09,-0.047,J
156,18-50,ANL_Table_II_D0p436,0.436,18.0,0.502,296.0,0.885,-6.0,,MATCH_EXACT,591.09,-0.011,J
157,18-51,ANL_Table_II_D0p436,0.436,18.0,0.505,260.0,0.79,-3.0,,MATCH_EXACT,593.09,-0.004,J
158,18-52,ANL_Table_II_D0p436,0.436,18.0,0.506,223.0,0.702,5.5,,MATCH_EXACT,596.09,0.013,J
159,18-53,ANL_Table_II_D0p436,0.436,18.0,0.497,162.0,0.6,37.0,,MATCH_EXACT,589.09,0.081,J
160,18-54,ANL_Table_II_D0p436,0.436,18.0,0.513,87.5,0.499,72.5,,MATCH_EXACT,603.09,0.158,J
161,18-55,ANL_Table_II_D0p436,0.436,18.0,0.496,28.5,0.415,108.5,,MATCH_EXACT,586.09,0.237,J
162,18-56,ANL_Table_II_D0p436,0.436,18.0,0.449,5.5,0.382,134.5,,MATCH_EXACT,582.09,0.291,J
163,18-57,ANL_Table_II_D0p436,0.436,18.0,0.5,477.0,1.24,-71.0,,MATCH_EXACT,590.09,-0.146,J
164,19-1,ANL_Table_II_D0p436,0.436,18.0,0.509,595.0,1.13,-229.0,non-monotonic vs -2: verify,MATCH_EXACT,601.09,-0.493,J
165,19-2,ANL_Table_II_D0p436,0.436,18.0,0.509,552.0,1.2,-166.0,non-monotonic vs -1: verify,MATCH_EXACT,602.09,-0.351,J
166,19-3,ANL_Table_II_D0p436,0.436,18.0,0.507,508.0,1.1,-152.0,,MATCH_EXACT,597.09,-0.323,J
167,19-4,ANL_Table_II_D0p436,0.436,18.0,0.496,420.0,1.06,-70.5,,MATCH_EXACT,587.09,-0.145,J
168,19-5,ANL_Table_II_D0p436,0.436,18.0,0.491,382.0,0.958,-62.0,,MATCH_EXACT,584.09,-0.129,J
169,19-6,ANL_Table_II_D0p436,0.436,18.0,0.487,343.0,0.902,-39.0,,MATCH_EXACT,583.09,-0.08,J
170,19-7,ANL_Table_II_D0p436,0.436,18.0,0.496,287.0,0.801,-22.0,,MATCH_EXACT,588.09,-0.044,J
171,19-8,ANL_Table_II_D0p436,0.436,18.0,0.508,217.0,0.7,10.0,,MATCH_EXACT,598.09,0.023,J
172,19-9,ANL_Table_II_D0p436,0.436,18.0,0.503,159.0,0.602,38.0,,MATCH_EXACT,592.09,0.083,J
173,19-10,ANL_Table_II_D0p436,0.436,18.0,0.508,81.0,0.499,84.0,,MATCH_EXACT,599.09,0.175,J
174,19-11,ANL_Table_II_D0p436,0.436,18.0,0.508,25.0,0.406,110.0,,MATCH_EXACT,600.09,0.231,J
175,19-12,ANL_Table_II_D0p436,0.436,18.0,0.245,481.0,0.818,68.0,,MATCH_EXACT,558.09,0.152,J
176,19-13,ANL_Table_II_D0p436,0.436,18.0,0.251,424.0,0.761,76.5,,MATCH_EXACT,563.09,0.165,J
177,19-14,ANL_Table_II_D0p436,0.436,18.0,0.246,332.0,0.672,117.5,,MATCH_EXACT,559.09,0.257,J
178,19-15,ANL_Table_II_D0p436,0.436,18.0,0.252,245.0,0.575,130.0,,MATCH_EXACT,566.09,0.284,J
179,19-16,ANL_Table_II_D0p436,0.436,18.0,0.252,140.0,0.473,168.0,,MATCH_EXACT,567.09,0.367,J
180,19-17,ANL_Table_II_D0p436,0.436,18.0,0.262,78.0,0.417,182.0,,MATCH_EXACT,577.09,0.399,J
181,19-18,ANL_Table_II_D0p436,0.436,18.0,0.274,42.5,0.369,179.5,,MATCH_EXACT,581.09,0.388,J
182,19-19,ANL_Table_II_D0p436,0.436,18.0,0.256,5.5,0.33,206.5,,MATCH_EXACT,573.09,0.448,J
183,19-20,ANL_Table_II_D0p436,0.436,18.0,0.251,525.0,0.858,36.0,,MATCH_EXACT,564.09,0.085,J
184,19-21,ANL_Table_II_D0p436,0.436,18.0,0.25,464.0,0.781,51.0,,MATCH_EXACT,560.09,0.112,J
185,19-22,ANL_Table_II_D0p436,0.436,18.0,0.25,387.0,0.702,74.0,,MATCH_EXACT,561.09,0.166,J
186,19-23,ANL_Table_II_D0p436,0.436,18.0,0.255,327.0,0.67,105.0,,MATCH_EXACT,571.09,0.231,J
187,19-24,ANL_Table_II_D0p436,0.436,18.0,0.254,279.0,0.612,117.5,,MATCH_EXACT,569.09,0.257,J
188,19-25,ANL_Table_II_D0p436,0.436,18.0,0.256,204.0,0.549,147.5,,MATCH_EXACT,574.09,0.324,J
189,19-26,ANL_Table_II_D0p436,0.436,18.0,0.253,157.0,0.499,166.0,,MATCH_EXACT,568.09,0.364,J
190,19-27,ANL_Table_II_D0p436,0.436,18.0,0.266,126.5,0.475,166.5,,MATCH_EXACT,580.09,0.363,J
191,19-28,ANL_Table_II_D0p436,0.436,18.0,0.262,91.5,0.432,179.5,,MATCH_EXACT,578.09,0.39,J
192,19-29,ANL_Table_II_D0p436,0.436,18.0,0.26,42.5,0.373,193.5,,MATCH_EXACT,576.09,0.42,J
193,19-30,ANL_Table_II_D0p436,0.436,18.0,0.251,5.5,0.339,216.5,,MATCH_EXACT,565.09,0.469,J
194,19-31,ANL_Table_II_D0p436,0.436,18.0,0.258,601.0,0.88,-39.5,,MATCH_EXACT,575.09,-0.081,J
195,19-32,ANL_Table_II_D0p436,0.436,18.0,0.255,510.0,0.801,8.0,,MATCH_EXACT,572.09,0.019,J
196,19-34,ANL_Table_II_D0p436,0.436,18.0,0.24,281.0,0.599,129.5,,MATCH_EXACT,557.09,0.283,J
197,19-35,ANL_Table_II_D0p436,0.436,18.0,0.254,152.0,0.489,164.0,,MATCH_EXACT,570.09,0.358,J
198,19-36,ANL_Table_II_D0p436,0.436,18.0,0.262,64.0,0.4,187.0,,MATCH_EXACT,579.09,0.406,J
199,19-37,ANL_Table_II_D0p436,0.436,18.0,0.25,0.0,0.32,210.0,,MATCH_EXACT,562.09,0.456,J
200,19-38,ANL_Table_II_D0p436,0.436,18.0,0.147,499.0,0.499,58.0,,MATCH_EXACT,548.09,0.133,J
201,19-39,ANL_Table_II_D0p436,0.436,18.0,0.14,489.0,0.5,96.0,,MATCH_EXACT,538.09,0.217,J
202,19-40,ANL_Table_II_D0p436,0.436,18.0,0.149,443.0,0.48,87.0,,MATCH_EXACT,550.09,0.192,J
203,19-41,ANL_Table_II_D0p436,0.436,18.0,0.136,311.0,0.415,189.5,,MATCH_EXACT,531.09,0.416,J
204,19-42,ANL_Table_II_D0p436,0.436,18.0,0.14,173.0,0.383,276.5,,MATCH_EXACT,539.09,0.602,J
205,19-43,ANL_Table_II_D0p436,0.436,18.0,0.152,138.0,0.381,274.5,,MATCH_EXACT,552.09,0.595,J
206,19-44,ANL_Table_II_D0p436,0.436,18.0,0.135,128.0,0.349,296.5,,MATCH_EXACT,529.09,0.645,J
207,19-45,ANL_Table_II_D0p436,0.436,18.0,0.133,85.0,0.32,311.0,,MATCH_EXACT,527.09,0.674,DJ
208,19-46,ANL_Table_II_D0p436,0.436,18.0,0.136,26.5,0.279,309.5,,MATCH_EXACT,532.09,0.674,J
209,19-47,ANL_Table_II_D0p436,0.436,18.0,0.138,15.5,0.279,318.5,,MATCH_EXACT,534.09,0.687,J
210,19-48,ANL_Table_II_D0p436,0.436,18.0,0.155,500.0,0.509,36.0,,MATCH_EXACT,556.09,0.091,J
211,19-49,ANL_Table_II_D0p436,0.436,18.0,0.154,446.0,0.462,44.0,,MATCH_EXACT,554.09,0.107,J
212,19-50,ANL_Table_II_D0p436,0.436,18.0,0.154,422.0,0.45,59.5,,MATCH_EXACT,555.09,0.131,J
213,19-51,ANL_Table_II_D0p436,0.436,18.0,0.151,386.0,0.435,88.0,,MATCH_EXACT,551.09,0.194,J
214,19-52,ANL_Table_II_D0p436,0.436,18.0,0.141,311.0,0.423,180.5,,MATCH_EXACT,543.09,0.398,J
215,19-53,ANL_Table_II_D0p436,0.436,18.0,0.14,222.0,0.41,263.5,,MATCH_EXACT,540.09,0.565,J
216,19-54,ANL_Table_II_D0p436,0.436,18.0,0.14,170.0,0.383,281.0,,MATCH_EXACT,541.09,0.608,J
217,19-55,ANL_Table_II_D0p436,0.436,18.0,0.146,130.0,0.359,274.0,,MATCH_EXACT,547.09,0.596,J
218,19-56,ANL_Table_II_D0p436,0.436,18.0,0.144,120.0,0.355,287.0,,MATCH_EXACT,544.09,0.62,J
219,19-57,ANL_Table_II_D0p436,0.436,18.0,0.14,75.5,0.316,294.5,,MATCH_EXACT,542.09,0.641,J
220,19-58,ANL_Table_II_D0p436,0.436,18.0,0.138,61.0,0.303,301.0,,MATCH_EXACT,535.09,0.651,J
221,19-59,ANL_Table_II_D0p436,0.436,18.0,0.126,54.5,0.296,331.5,,MATCH_EXACT,524.09,0.72,DJ
222,19-60,ANL_Table_II_D0p436,0.436,18.0,0.138,48.5,0.28,283.5,,MATCH_EXACT,536.09,0.618,J
223,19-61,ANL_Table_II_D0p436,0.436,18.0,0.132,42.5,0.259,281.5,,MATCH_EXACT,526.09,0.608,DJ
224,19-62,ANL_Table_II_D0p436,0.436,18.0,0.144,470.0,0.495,94.0,,MATCH_EXACT,545.09,0.211,J
225,19-63,ANL_Table_II_D0p436,0.436,18.0,0.148,413.0,0.463,101.5,,MATCH_EXACT,549.09,0.224,J
226,19-64,ANL_Table_II_D0p436,0.436,18.0,0.152,357.0,0.44,118.5,,MATCH_EXACT,553.09,0.261,J
227,19-65,ANL_Table_II_D0p436,0.436,18.0,0.135,241.0,0.399,244.5,,MATCH_EXACT,530.09,0.533,J
228,19-66,ANL_Table_II_D0p436,0.436,18.0,0.138,183.0,0.39,282.0,,MATCH_EXACT,537.09,0.612,J
229,19-67,ANL_Table_II_D0p436,0.436,18.0,0.145,140.0,0.37,280.0,,MATCH_EXACT,546.09,0.607,J
230,19-68,ANL_Table_II_D0p436,0.436,18.0,0.136,117.0,0.345,298.5,,MATCH_EXACT,533.09,0.652,J
231,19-69,ANL_Table_II_D0p436,0.436,18.0,0.134,83.5,0.315,301.5,,MATCH_EXACT,528.09,0.658,J
232,19-70,ANL_Table_II_D0p436,0.436,18.0,0.126,31.5,0.275,326.5,,MATCH_EXACT,525.09,0.71,DJ
