ExptNo,Dia_in,Length_in,G_1e6_lb_hr_ft2,InletSubcool_BTUlb,BurnoutHF_1e6_BTU_hr_ft2,ExitQuality,flag,flag_norm,source,L_over_D,G_kg_m2_s,quality_bin,G_band_kg,G_band_raw,lowX_le_005,x_gt_005,x_pos_gt_005,flow_proxy_comment
34.01,0.143,3.0,1.18,52.4,1.23,0.076,,none,source01,20.97902097902098,1599.8651790310523,0.05<x<=0.15,G<1900,1.0<=G<1.6,False,True,True,x>0.05 but low G: not automatically annular; keep as possible bubbly/slug-side check
43.01,0.143,3.0,5.23,0.7,1.91,0.065,,none,source01,20.97902097902098,7090.927869773225,0.05<x<=0.15,G>4200,G>4.0,False,True,True,x>0.05 and high G: likely outside lowX target; separate check
48.01,0.18,11.625,1.86,20.3,0.66,0.154,,none,source01,64.58333333333334,2521.8213838964048,0.15<x<=0.5,1900<=G<=4200,1.6<=G<=3.0,False,True,True,x>0.05 mid/high G: transition check candidate
49.01,0.18,11.625,1.86,22.0,0.66,0.15,,none,source01,64.58333333333334,2521.8213838964048,0.05<x<=0.15,1900<=G<=4200,1.6<=G<=3.0,False,True,True,x>0.05 mid/high G: transition check candidate
50.01,0.18,11.625,1.89,42.2,0.66,0.104,,none,source01,64.58333333333334,2562.4959223463466,0.05<x<=0.15,1900<=G<=4200,1.6<=G<=3.0,False,True,True,x>0.05 mid/high G: transition check candidate
51.01,0.18,11.625,2.03,20.3,0.658,0.137,,none,source01,64.58333333333334,2752.3104351127427,0.05<x<=0.15,1900<=G<=4200,1.6<=G<=3.0,False,True,True,x>0.05 mid/high G: transition check candidate
52.01,0.18,11.625,2.51,42.2,0.685,0.061,,none,source01,64.58333333333334,3403.103050311815,0.05<x<=0.15,1900<=G<=4200,1.6<=G<=3.0,False,True,True,x>0.05 mid/high G: transition check candidate
53.01,0.18,11.625,2.51,18.6,0.535,0.079,,none,source01,64.58333333333334,3403.103050311815,0.05<x<=0.15,1900<=G<=4200,1.6<=G<=3.0,False,True,True,x>0.05 mid/high G: transition check candidate
54.01,0.18,11.625,2.51,20.3,0.535,0.075,,none,source01,64.58333333333334,3403.103050311815,0.05<x<=0.15,1900<=G<=4200,1.6<=G<=3.0,False,True,True,x>0.05 mid/high G: transition check candidate
55.01,0.18,11.625,2.51,37.6,0.845,0.107,,none,source01,64.58333333333334,3403.103050311815,0.05<x<=0.15,1900<=G<=4200,1.6<=G<=3.0,False,True,True,x>0.05 mid/high G: transition check candidate
56.01,0.18,11.625,2.54,43.7,0.852,0.093,,none,source01,64.58333333333334,3443.777588761757,0.05<x<=0.15,1900<=G<=4200,1.6<=G<=3.0,False,True,True,x>0.05 mid/high G: transition check candidate
57.01,0.18,11.625,2.54,45.2,0.863,0.092,,none,source01,64.58333333333334,3443.777588761757,0.05<x<=0.15,1900<=G<=4200,1.6<=G<=3.0,False,True,True,x>0.05 mid/high G: transition check candidate
58.01,0.18,11.625,2.54,34.6,0.674,0.073,,none,source01,64.58333333333334,3443.777588761757,0.05<x<=0.15,1900<=G<=4200,1.6<=G<=3.0,False,True,True,x>0.05 mid/high G: transition check candidate
59.01,0.18,11.625,2.54,36.1,0.681,0.072,,none,source01,64.58333333333334,3443.777588761757,0.05<x<=0.15,1900<=G<=4200,1.6<=G<=3.0,False,True,True,x>0.05 mid/high G: transition check candidate
60.01,0.18,11.625,2.54,37.6,0.681,0.068,,none,source01,64.58333333333334,3443.777588761757,0.05<x<=0.15,1900<=G<=4200,1.6<=G<=3.0,False,True,True,x>0.05 mid/high G: transition check candidate
61.01,0.18,11.625,2.57,64.2,0.995,0.077,,none,source01,64.58333333333334,3484.452127211699,0.05<x<=0.15,1900<=G<=4200,1.6<=G<=3.0,False,True,True,x>0.05 mid/high G: transition check candidate
62.01,0.18,11.625,2.57,67.0,0.99,0.07,,none,source01,64.58333333333334,3484.452127211699,0.05<x<=0.15,1900<=G<=4200,1.6<=G<=3.0,False,True,True,x>0.05 mid/high G: transition check candidate
63.01,0.18,11.625,2.57,68.4,1.0,0.069,,none,source01,64.58333333333334,3484.452127211699,0.05<x<=0.15,1900<=G<=4200,1.6<=G<=3.0,False,True,True,x>0.05 mid/high G: transition check candidate
64.01,0.18,11.625,2.6,67.0,0.977,0.065,,none,source01,64.58333333333334,3525.1266656616413,0.05<x<=0.15,1900<=G<=4200,1.6<=G<=3.0,False,True,True,x>0.05 mid/high G: transition check candidate
65.01,0.18,11.625,2.68,22.0,0.69,0.096,,none,source01,64.58333333333334,3633.5921015281533,0.05<x<=0.15,1900<=G<=4200,1.6<=G<=3.0,False,True,True,x>0.05 mid/high G: transition check candidate
66.01,0.18,11.625,2.68,22.0,0.735,0.105,,none,source01,64.58333333333334,3633.5921015281533,0.05<x<=0.15,1900<=G<=4200,1.6<=G<=3.0,False,True,True,x>0.05 mid/high G: transition check candidate
67.01,0.18,11.625,2.71,23.7,0.746,0.102,,none,source01,64.58333333333334,3674.266639978095,0.05<x<=0.15,1900<=G<=4200,1.6<=G<=3.0,False,True,True,x>0.05 mid/high G: transition check candidate
68.01,0.18,11.625,2.74,33.1,0.805,0.092,,none,source01,64.58333333333334,3714.9411784280373,0.05<x<=0.15,1900<=G<=4200,1.6<=G<=3.0,False,True,True,x>0.05 mid/high G: transition check candidate
69.01,0.18,11.625,2.88,37.6,0.799,0.074,,none,source01,64.58333333333334,3904.755691194433,0.05<x<=0.15,1900<=G<=4200,1.6<=G<=3.0,False,True,True,x>0.05 mid/high G: transition check candidate
70.01,0.18,11.625,2.91,39.2,0.84,0.076,,none,source01,64.58333333333334,3945.4302296443752,0.05<x<=0.15,1900<=G<=4200,1.6<=G<=3.0,False,True,True,x>0.05 mid/high G: transition check candidate
71.01,0.18,11.625,2.94,5.1,0.682,0.118,,none,source01,64.58333333333334,3986.104768094317,0.05<x<=0.15,1900<=G<=4200,1.6<=G<=3.0,False,True,True,x>0.05 mid/high G: transition check candidate
72.01,0.18,11.625,2.94,40.7,0.85,0.073,,none,source01,64.58333333333334,3986.104768094317,0.05<x<=0.15,1900<=G<=4200,1.6<=G<=3.0,False,True,True,x>0.05 mid/high G: transition check candidate
73.01,0.18,11.625,2.96,31.6,0.793,0.081,,none,source01,64.58333333333334,4013.221127060945,0.05<x<=0.15,1900<=G<=4200,1.6<=G<=3.0,False,True,True,x>0.05 mid/high G: transition check candidate
74.01,0.18,11.625,3.0,28.6,0.82,0.091,,none,source01,64.58333333333334,4067.453844994201,0.05<x<=0.15,1900<=G<=4200,1.6<=G<=3.0,False,True,True,x>0.05 mid/high G: transition check candidate
75.01,0.18,11.625,3.0,30.1,0.82,0.087,,none,source01,64.58333333333334,4067.453844994201,0.05<x<=0.15,1900<=G<=4200,1.6<=G<=3.0,False,True,True,x>0.05 mid/high G: transition check candidate
76.01,0.18,11.625,3.0,33.1,0.845,0.086,,none,source01,64.58333333333334,4067.453844994201,0.05<x<=0.15,1900<=G<=4200,1.6<=G<=3.0,False,True,True,x>0.05 mid/high G: transition check candidate
77.01,0.18,11.625,3.02,49.7,0.945,0.067,,none,source01,64.58333333333334,4094.5702039608295,0.05<x<=0.15,1900<=G<=4200,3.0<G<=4.0,False,True,True,x>0.05 mid/high G: transition check candidate
78.01,0.18,11.625,3.05,48.2,0.945,0.069,,none,source01,64.58333333333334,4135.244742410771,0.05<x<=0.15,1900<=G<=4200,3.0<G<=4.0,False,True,True,x>0.05 mid/high G: transition check candidate
79.01,0.18,11.625,3.05,48.2,0.95,0.07,,none,source01,64.58333333333334,4135.244742410771,0.05<x<=0.15,1900<=G<=4200,3.0<G<=4.0,False,True,True,x>0.05 mid/high G: transition check candidate
88.01,0.1805,9.4,0.0281,234.1,0.084,0.839,,none,source01,52.07756232686981,38.09848434811235,x>0.5,G<1900,G<1.0,False,True,True,x>0.05 but low G: not automatically annular; keep as possible bubbly/slug-side check
89.01,0.1805,9.4,0.0281,244.1,0.08,0.753,,none,source01,52.07756232686981,38.09848434811235,x>0.5,G<1900,G<1.0,False,True,True,x>0.05 but low G: not automatically annular; keep as possible bubbly/slug-side check
90.01,0.1805,9.4,0.0287,600.5,0.141,0.913,,none,source01,52.07756232686981,38.91197511711119,x>0.5,G<1900,G<1.0,False,True,True,x>0.05 but low G: not automatically annular; keep as possible bubbly/slug-side check
91.01,0.1805,9.4,0.0287,602.5,0.139,0.877,,none,source01,52.07756232686981,38.91197511711119,x>0.5,G<1900,G<1.0,False,True,True,x>0.05 but low G: not automatically annular; keep as possible bubbly/slug-side check
92.01,0.1805,9.4,0.0301,96.9,0.072,0.866,,none,source01,52.07756232686981,40.81012024477515,x>0.5,G<1900,G<1.0,False,True,True,x>0.05 but low G: not automatically annular; keep as possible bubbly/slug-side check
93.01,0.1805,9.4,0.0305,324.3,0.12,1.069,,none,source01,52.07756232686981,41.35244742410771,x>0.5,G<1900,G<1.0,False,True,True,x>0.05 but low G: not automatically annular; keep as possible bubbly/slug-side check
94.01,0.1805,9.4,0.0307,481.4,0.122,0.748,,none,source01,52.07756232686981,41.623611013773996,x>0.5,G<1900,G<1.0,False,True,True,x>0.05 but low G: not automatically annular; keep as possible bubbly/slug-side check
95.01,0.1805,9.4,0.0309,484.4,0.129,0.831,,none,source01,52.07756232686981,41.894774603440275,x>0.5,G<1900,G<1.0,False,True,True,x>0.05 but low G: not automatically annular; keep as possible bubbly/slug-side check
96.01,0.1805,9.4,0.0309,322.2,0.102,0.789,,none,source01,52.07756232686981,41.894774603440275,x>0.5,G<1900,G<1.0,False,True,True,x>0.05 but low G: not automatically annular; keep as possible bubbly/slug-side check
97.01,0.1805,9.4,0.0311,419.9,0.13,0.973,,none,source01,52.07756232686981,42.165938193106555,x>0.5,G<1900,G<1.0,False,True,True,x>0.05 but low G: not automatically annular; keep as possible bubbly/slug-side check
98.01,0.1805,9.4,0.0321,416.7,0.126,0.865,,none,source01,52.07756232686981,43.52175614143795,x>0.5,G<1900,G<1.0,False,True,True,x>0.05 but low G: not automatically annular; keep as possible bubbly/slug-side check
99.01,0.1805,9.4,0.0619,207.2,0.167,0.766,,none,source01,52.07756232686981,83.92513100171368,x>0.5,G<1900,G<1.0,False,True,True,x>0.05 but low G: not automatically annular; keep as possible bubbly/slug-side check
100.01,0.1805,9.4,0.063,497.3,0.271,0.861,,none,source01,52.07756232686981,85.41653074487823,x>0.5,G<1900,G<1.0,False,True,True,x>0.05 but low G: not automatically annular; keep as possible bubbly/slug-side check
101.01,0.1805,9.4,0.063,498.3,0.267,0.83,,none,source01,52.07756232686981,85.41653074487823,x>0.5,G<1900,G<1.0,False,True,True,x>0.05 but low G: not automatically annular; keep as possible bubbly/slug-side check
102.01,0.1805,9.4,0.063,419.9,0.23,0.735,,none,source01,52.07756232686981,85.41653074487823,x>0.5,G<1900,G<1.0,False,True,True,x>0.05 but low G: not automatically annular; keep as possible bubbly/slug-side check
103.01,0.1805,9.4,0.063,94.3,0.135,0.76,,none,source01,52.07756232686981,85.41653074487823,x>0.5,G<1900,G<1.0,False,True,True,x>0.05 but low G: not automatically annular; keep as possible bubbly/slug-side check
104.01,0.1805,9.4,0.0634,409.2,0.23,0.748,,none,source01,52.07756232686981,85.95885792421079,x>0.5,G<1900,G<1.0,False,True,True,x>0.05 but low G: not automatically annular; keep as possible bubbly/slug-side check
105.01,0.186,12.0,0.209,146.1,0.369,0.668,,none,source01,64.51612903225806,283.3659512012627,x>0.5,G<1900,G<1.0,False,True,True,x>0.05 but low G: not automatically annular; keep as possible bubbly/slug-side check
106.01,0.186,12.0,0.22,90.3,0.343,0.673,,none,source01,64.51612903225806,298.2799486329081,x>0.5,G<1900,G<1.0,False,True,True,x>0.05 but low G: not automatically annular; keep as possible bubbly/slug-side check
107.01,0.186,12.0,0.225,300.0,0.48,0.541,,none,source01,64.51612903225806,305.0590383745651,x>0.5,G<1900,G<1.0,False,True,True,x>0.05 but low G: not automatically annular; keep as possible bubbly/slug-side check
108.01,0.186,12.0,0.311,141.3,0.45,0.501,,none,source01,64.51612903225806,421.6593819310655,x>0.5,G<1900,G<1.0,False,True,True,x>0.05 but low G: not automatically annular; keep as possible bubbly/slug-side check
109.01,0.186,12.0,0.332,78.1,0.401,0.504,,none,source01,64.51612903225806,450.131558846025,x>0.5,G<1900,G<1.0,False,True,True,x>0.05 but low G: not automatically annular; keep as possible bubbly/slug-side check
110.01,0.186,12.0,0.407,135.2,0.52,0.42,,none,source01,64.51612903225806,551.8179049708799,0.15<x<=0.5,G<1900,G<1.0,False,True,True,x>0.05 but low G: not automatically annular; keep as possible bubbly/slug-side check
111.01,0.186,12.0,0.439,72.5,0.446,0.409,,none,source01,64.51612903225806,595.2040793174848,0.15<x<=0.5,G<1900,G<1.0,False,True,True,x>0.05 but low G: not automatically annular; keep as possible bubbly/slug-side check
112.01,0.186,12.0,0.445,192.3,0.61,0.348,,none,source01,64.51612903225806,603.3389870074732,0.15<x<=0.5,G<1900,G<1.0,False,True,True,x>0.05 but low G: not automatically annular; keep as possible bubbly/slug-side check
113.01,0.186,12.0,0.471,301.1,0.703,0.181,,none,source01,64.51612903225806,638.5902536640896,0.15<x<=0.5,G<1900,G<1.0,False,True,True,x>0.05 but low G: not automatically annular; keep as possible bubbly/slug-side check
114.01,0.186,12.0,0.553,191.2,0.695,0.287,,none,source01,64.51612903225806,749.7673254272645,0.15<x<=0.5,G<1900,G<1.0,False,True,True,x>0.05 but low G: not automatically annular; keep as possible bubbly/slug-side check
115.01,0.186,12.0,0.601,131.4,0.605,0.277,,none,source01,64.51612903225806,814.8465869471717,0.15<x<=0.5,G<1900,G<1.0,False,True,True,x>0.05 but low G: not automatically annular; keep as possible bubbly/slug-side check
116.01,0.186,12.0,0.618,294.7,0.805,0.089,,none,source01,64.51612903225806,837.8954920688054,0.05<x<=0.15,G<1900,G<1.0,False,True,True,x>0.05 but low G: not automatically annular; keep as possible bubbly/slug-side check
117.01,0.186,12.0,0.65,39.2,0.513,0.355,,none,source01,64.51612903225806,881.2816664154103,0.15<x<=0.5,G<1900,G<1.0,False,True,True,x>0.05 but low G: not automatically annular; keep as possible bubbly/slug-side check
118.01,0.186,12.0,0.807,192.3,0.781,0.124,,none,source01,64.51612903225806,1094.1450843034402,0.05<x<=0.15,G<1900,G<1.0,False,True,True,x>0.05 but low G: not automatically annular; keep as possible bubbly/slug-side check
120.01,0.186,12.0,1.03,184.3,0.849,0.061,,none,source01,64.51612903225806,1396.4924867813424,0.05<x<=0.15,G<1900,1.0<=G<1.6,False,True,True,x>0.05 but low G: not automatically annular; keep as possible bubbly/slug-side check
122.01,0.186,12.0,1.05,143.7,0.785,0.106,,none,source01,64.51612903225806,1423.6088457479705,0.05<x<=0.15,G<1900,1.0<=G<1.6,False,True,True,x>0.05 but low G: not automatically annular; keep as possible bubbly/slug-side check
123.01,0.186,12.0,1.078,58.6,0.63,0.199,,none,source01,64.51612903225806,1461.5717483012497,0.15<x<=0.5,G<1900,1.0<=G<1.6,False,True,True,x>0.05 but low G: not automatically annular; keep as possible bubbly/slug-side check
124.01,0.186,12.0,1.093,186.6,0.907,0.059,,none,source01,64.51612903225806,1481.9090175262206,0.05<x<=0.15,G<1900,1.0<=G<1.6,False,True,True,x>0.05 but low G: not automatically annular; keep as possible bubbly/slug-side check
125.01,0.186,12.0,1.13,67.0,0.628,0.165,,none,source01,64.51612903225806,1532.0742816144823,0.15<x<=0.5,G<1900,1.0<=G<1.6,False,True,True,x>0.05 but low G: not automatically annular; keep as possible bubbly/slug-side check
127.01,0.186,12.0,1.58,52.7,0.698,0.132,,none,source01,64.51612903225806,2142.1923583636126,0.05<x<=0.15,1900<=G<=4200,1.0<=G<1.6,False,True,True,x>0.05 mid/high G: transition check candidate
130.01,0.186,12.0,2.035,94.3,0.933,0.052,,none,source01,64.51612903225806,2759.0895248544,0.05<x<=0.15,1900<=G<=4200,1.6<=G<=3.0,False,True,True,x>0.05 mid/high G: transition check candidate
143.01,0.186,12.0,2.64,61.4,1.01,0.081,,none,source01,64.51612903225806,3579.3593835948973,0.05<x<=0.15,1900<=G<=4200,1.6<=G<=3.0,False,True,True,x>0.05 mid/high G: transition check candidate
151.01,0.187,12.5,0.415,345.5,0.686,0.208,,none,source01,66.84491978609626,562.6644485575312,0.15<x<=0.5,G<1900,G<1.0,False,True,True,x>0.05 but low G: not automatically annular; keep as possible bubbly/slug-side check
153.01,0.187,12.5,0.55,150.9,0.385,0.078,,none,source01,66.84491978609626,745.6998715822702,0.05<x<=0.15,G<1900,G<1.0,False,True,True,x>0.05 but low G: not automatically annular; keep as possible bubbly/slug-side check
155.01,0.187,12.5,0.616,55.8,0.573,0.422,H,H,source01,66.84491978609626,835.1838561721427,0.15<x<=0.5,G<1900,G<1.0,False,True,True,x>0.05 but low G: not automatically annular; keep as possible bubbly/slug-side check
156.01,0.187,12.5,0.628,151.9,0.492,0.124,,none,source01,66.84491978609626,851.4536715521194,0.05<x<=0.15,G<1900,G<1.0,False,True,True,x>0.05 but low G: not automatically annular; keep as possible bubbly/slug-side check
157.01,0.187,12.5,0.656,90.3,0.636,0.365,,none,source01,66.84491978609626,889.4165741053987,0.15<x<=0.5,G<1900,G<1.0,False,True,True,x>0.05 but low G: not automatically annular; keep as possible bubbly/slug-side check
158.01,0.187,12.5,0.666,156.7,0.523,0.115,,none,source01,66.84491978609626,902.9747535887127,0.05<x<=0.15,G<1900,G<1.0,False,True,True,x>0.05 but low G: not automatically annular; keep as possible bubbly/slug-side check
159.01,0.187,12.5,0.692,89.7,0.575,0.286,,none,source01,66.84491978609626,938.226020245329,0.15<x<=0.5,G<1900,G<1.0,False,True,True,x>0.05 but low G: not automatically annular; keep as possible bubbly/slug-side check
160.01,0.187,12.5,0.718,123.7,0.51,0.143,,none,source01,66.84491978609626,973.4772869019455,0.05<x<=0.15,G<1900,G<1.0,False,True,True,x>0.05 but low G: not automatically annular; keep as possible bubbly/slug-side check
162.01,0.187,12.5,0.77,57.3,0.533,0.276,,none,source01,66.84491978609626,1043.9798202151783,0.15<x<=0.5,G<1900,G<1.0,False,True,True,x>0.05 but low G: not automatically annular; keep as possible bubbly/slug-side check
163.01,0.187,12.5,0.783,173.6,0.607,0.073,,none,source01,66.84491978609626,1061.6054535434866,0.05<x<=0.15,G<1900,G<1.0,False,True,True,x>0.05 but low G: not automatically annular; keep as possible bubbly/slug-side check
166.01,0.187,12.5,0.795,178.4,0.94,0.297,,none,source01,66.84491978609626,1077.8752689234634,0.15<x<=0.5,G<1900,G<1.0,False,True,True,x>0.05 but low G: not automatically annular; keep as possible bubbly/slug-side check
168.01,0.187,12.5,0.8,184.3,0.632,0.058,,none,source01,66.84491978609626,1084.6543586651203,0.05<x<=0.15,G<1900,G<1.0,False,True,True,x>0.05 but low G: not automatically annular; keep as possible bubbly/slug-side check
172.01,0.187,12.5,1.03,125.7,0.733,0.139,,none,source01,66.84491978609626,1396.4924867813424,0.05<x<=0.15,G<1900,1.0<=G<1.6,False,True,True,x>0.05 but low G: not automatically annular; keep as possible bubbly/slug-side check
173.01,0.187,12.5,1.03,18.6,0.658,0.328,,none,source01,66.84491978609626,1396.4924867813424,0.15<x<=0.5,G<1900,1.0<=G<1.6,False,True,True,x>0.05 but low G: not automatically annular; keep as possible bubbly/slug-side check
174.01,0.187,12.5,1.07,58.6,0.743,0.274,,none,source01,66.84491978609626,1450.7252047145985,0.15<x<=0.5,G<1900,1.0<=G<1.6,False,True,True,x>0.05 but low G: not automatically annular; keep as possible bubbly/slug-side check
175.01,0.187,12.5,1.08,89.7,0.752,0.208,,none,source01,66.84491978609626,1464.2833841979125,0.15<x<=0.5,G<1900,1.0<=G<1.6,False,True,True,x>0.05 but low G: not automatically annular; keep as possible bubbly/slug-side check
176.01,0.187,12.5,1.13,186.6,1.15,0.185,,none,source01,66.84491978609626,1532.0742816144823,0.15<x<=0.5,G<1900,1.0<=G<1.6,False,True,True,x>0.05 but low G: not automatically annular; keep as possible bubbly/slug-side check
177.01,0.187,12.5,1.13,91.6,0.823,0.223,,none,source01,66.84491978609626,1532.0742816144823,0.15<x<=0.5,G<1900,1.0<=G<1.6,False,True,True,x>0.05 but low G: not automatically annular; keep as possible bubbly/slug-side check
178.01,0.187,12.5,1.14,58.6,0.692,0.224,,none,source01,66.84491978609626,1545.6324610977963,0.15<x<=0.5,G<1900,1.0<=G<1.6,False,True,True,x>0.05 but low G: not automatically annular; keep as possible bubbly/slug-side check
179.01,0.187,12.5,1.21,183.1,0.985,0.075,,none,source01,66.84491978609626,1640.5397174809946,0.05<x<=0.15,G<1900,1.0<=G<1.6,False,True,True,x>0.05 but low G: not automatically annular; keep as possible bubbly/slug-side check
181.01,0.187,12.5,1.26,151.9,0.903,0.086,,none,source01,66.84491978609626,1708.3306148975646,0.05<x<=0.15,G<1900,1.0<=G<1.6,False,True,True,x>0.05 but low G: not automatically annular; keep as possible bubbly/slug-side check
189.01,0.187,12.5,1.83,16.9,0.709,0.187,,none,source01,66.84491978609626,2481.146845446463,0.15<x<=0.5,1900<=G<=4200,1.6<=G<=3.0,False,True,True,x>0.05 mid/high G: transition check candidate
190.01,0.187,12.5,1.88,18.6,0.743,0.188,,none,source01,66.84491978609626,2548.937742863033,0.15<x<=0.5,1900<=G<=4200,1.6<=G<=3.0,False,True,True,x>0.05 mid/high G: transition check candidate
191.01,0.187,12.5,1.99,57.3,0.85,0.123,,none,source01,66.84491978609626,2698.0777171794866,0.05<x<=0.15,1900<=G<=4200,1.6<=G<=3.0,False,True,True,x>0.05 mid/high G: transition check candidate
192.01,0.187,12.5,2.03,57.3,0.845,0.117,,none,source01,66.84491978609626,2752.3104351127427,0.05<x<=0.15,1900<=G<=4200,1.6<=G<=3.0,False,True,True,x>0.05 mid/high G: transition check candidate
193.01,0.187,12.5,2.11,123.7,1.17,0.053,,none,source01,66.84491978609626,2860.7758709792547,0.05<x<=0.15,1900<=G<=4200,1.6<=G<=3.0,False,True,True,x>0.05 mid/high G: transition check candidate
194.01,0.187,12.5,2.11,89.0,0.992,0.079,,none,source01,66.84491978609626,2860.7758709792547,0.05<x<=0.15,1900<=G<=4200,1.6<=G<=3.0,False,True,True,x>0.05 mid/high G: transition check candidate
195.01,0.187,12.5,2.11,90.3,1.03,0.087,,none,source01,66.84491978609626,2860.7758709792547,0.05<x<=0.15,1900<=G<=4200,1.6<=G<=3.0,False,True,True,x>0.05 mid/high G: transition check candidate
211.01,0.187,12.5,2.73,17.8,0.795,0.13,,none,source01,66.84491978609626,3701.382998944723,0.05<x<=0.15,1900<=G<=4200,1.6<=G<=3.0,False,True,True,x>0.05 mid/high G: transition check candidate
212.01,0.187,12.5,2.78,20.3,0.836,0.13,,none,source01,66.84491978609626,3769.173896361293,0.05<x<=0.15,1900<=G<=4200,1.6<=G<=3.0,False,True,True,x>0.05 mid/high G: transition check candidate
214.01,0.187,12.5,2.88,57.3,1.06,0.089,,none,source01,66.84491978609626,3904.755691194433,0.05<x<=0.15,1900<=G<=4200,1.6<=G<=3.0,False,True,True,x>0.05 mid/high G: transition check candidate
215.01,0.187,12.5,2.93,57.3,0.992,0.072,,none,source01,66.84491978609626,3972.5465886110037,0.05<x<=0.15,1900<=G<=4200,1.6<=G<=3.0,False,True,True,x>0.05 mid/high G: transition check candidate
217.01,0.187,12.5,3.17,91.6,1.365,0.051,,none,source01,66.84491978609626,4297.942896210539,0.05<x<=0.15,G>4200,3.0<G<=4.0,False,True,True,x>0.05 and high G: likely outside lowX target; separate check
223.01,0.187,12.5,3.62,18.6,0.956,0.112,,none,source01,66.84491978609626,4908.06097295967,0.05<x<=0.15,G>4200,3.0<G<=4.0,False,True,True,x>0.05 and high G: likely outside lowX target; separate check
226.01,0.187,12.5,3.66,21.8,0.89,0.093,,none,source01,66.84491978609626,4962.293690892926,0.05<x<=0.15,G>4200,3.0<G<=4.0,False,True,True,x>0.05 and high G: likely outside lowX target; separate check
227.01,0.187,12.5,3.66,17.8,0.904,0.104,,none,source01,66.84491978609626,4962.293690892926,0.05<x<=0.15,G>4200,3.0<G<=4.0,False,True,True,x>0.05 and high G: likely outside lowX target; separate check
229.01,0.187,12.5,3.87,55.8,1.3,0.073,,none,source01,66.84491978609626,5247.015460042519,0.05<x<=0.15,G>4200,3.0<G<=4.0,False,True,True,x>0.05 and high G: likely outside lowX target; separate check
231.01,0.187,12.5,3.97,55.0,1.19,0.054,,none,source01,66.84491978609626,5382.59725487566,0.05<x<=0.15,G>4200,3.0<G<=4.0,False,True,True,x>0.05 and high G: likely outside lowX target; separate check
239.01,0.187,12.5,4.53,16.6,0.952,0.085,,none,source01,66.84491978609626,6141.855305941244,0.05<x<=0.15,G>4200,G>4.0,False,True,True,x>0.05 and high G: likely outside lowX target; separate check
251.01,0.187,12.5,5.51,14.4,1.1,0.084,,none,source01,66.84491978609626,7470.5568953060165,0.05<x<=0.15,G>4200,G>4.0,False,True,True,x>0.05 and high G: likely outside lowX target; separate check
261.01,0.226,24.6,0.968,322.2,0.775,0.057,,none,source01,108.8495575221239,1312.4317739847957,0.05<x<=0.15,G<1900,G<1.0,False,True,True,x>0.05 but low G: not automatically annular; keep as possible bubbly/slug-side check
396.01,0.306,23.25,0.166,43.7,0.198,0.688,,none,source01,75.98039215686275,225.0657794230125,x>0.5,G<1900,G<1.0,False,True,True,x>0.05 but low G: not automatically annular; keep as possible bubbly/slug-side check
397.01,0.306,23.25,0.171,13.5,0.215,0.795,,none,source01,75.98039215686275,231.8448691646695,x>0.5,G<1900,G<1.0,False,True,True,x>0.05 but low G: not automatically annular; keep as possible bubbly/slug-side check
398.01,0.306,23.25,0.183,34.6,0.258,0.85,,none,source01,75.98039215686275,248.11468454464628,x>0.5,G<1900,G<1.0,False,True,True,x>0.05 but low G: not automatically annular; keep as possible bubbly/slug-side check
399.01,0.306,23.25,0.186,57.3,0.176,0.497,,none,source01,75.98039215686275,252.18213838964047,0.15<x<=0.5,G<1900,G<1.0,False,True,True,x>0.05 but low G: not automatically annular; keep as possible bubbly/slug-side check
400.01,0.306,23.25,0.188,8.5,0.169,0.571,,none,source01,75.98039215686275,254.89377428630328,x>0.5,G<1900,G<1.0,False,True,True,x>0.05 but low G: not automatically annular; keep as possible bubbly/slug-side check
401.01,0.306,23.25,0.19,36.1,0.246,0.771,,none,source01,75.98039215686275,257.60541018296607,x>0.5,G<1900,G<1.0,False,True,True,x>0.05 but low G: not automatically annular; keep as possible bubbly/slug-side check
402.01,0.306,23.25,0.209,117.7,0.279,0.622,,none,source01,75.98039215686275,283.3659512012627,x>0.5,G<1900,G<1.0,False,True,True,x>0.05 but low G: not automatically annular; keep as possible bubbly/slug-side check
403.01,0.306,23.25,0.209,8.5,0.196,0.597,,none,source01,75.98039215686275,283.3659512012627,x>0.5,G<1900,G<1.0,False,True,True,x>0.05 but low G: not automatically annular; keep as possible bubbly/slug-side check
404.01,0.306,23.25,0.224,179.6,0.357,0.658,,none,source01,75.98039215686275,303.7032204262337,x>0.5,G<1900,G<1.0,False,True,True,x>0.05 but low G: not automatically annular; keep as possible bubbly/slug-side check
405.01,0.306,23.25,0.229,154.6,0.328,0.606,,none,source01,75.98039215686275,310.4823101678907,x>0.5,G<1900,G<1.0,False,True,True,x>0.05 but low G: not automatically annular; keep as possible bubbly/slug-side check
406.01,0.306,23.25,0.24,168.9,0.356,0.608,,none,source01,75.98039215686275,325.3963075995361,x>0.5,G<1900,G<1.0,False,True,True,x>0.05 but low G: not automatically annular; keep as possible bubbly/slug-side check
407.01,0.306,23.25,0.244,154.6,0.327,0.545,,none,source01,75.98039215686275,330.81957939286167,x>0.5,G<1900,G<1.0,False,True,True,x>0.05 but low G: not automatically annular; keep as possible bubbly/slug-side check
408.01,0.306,23.25,0.252,5.1,0.215,0.549,,none,source01,75.98039215686275,341.6661229795129,x>0.5,G<1900,G<1.0,False,True,True,x>0.05 but low G: not automatically annular; keep as possible bubbly/slug-side check
409.01,0.306,23.25,0.264,195.8,0.386,0.536,,none,source01,75.98039215686275,357.93593835948974,x>0.5,G<1900,G<1.0,False,True,True,x>0.05 but low G: not automatically annular; keep as possible bubbly/slug-side check
410.01,0.306,23.25,0.278,163.0,0.39,0.568,,none,source01,75.98039215686275,376.91738963612937,x>0.5,G<1900,G<1.0,False,True,True,x>0.05 but low G: not automatically annular; keep as possible bubbly/slug-side check
411.01,0.306,23.25,0.303,6.8,0.245,0.516,,none,source01,75.98039215686275,410.81283834441433,x>0.5,G<1900,G<1.0,False,True,True,x>0.05 but low G: not automatically annular; keep as possible bubbly/slug-side check
412.01,0.306,23.25,0.312,79.5,0.276,0.409,,none,source01,75.98039215686275,423.01519987939696,0.15<x<=0.5,G<1900,G<1.0,False,True,True,x>0.05 but low G: not automatically annular; keep as possible bubbly/slug-side check
413.01,0.306,23.25,0.352,11.8,0.278,0.493,,none,source01,75.98039215686275,477.24791781265293,0.15<x<=0.5,G<1900,G<1.0,False,True,True,x>0.05 but low G: not automatically annular; keep as possible bubbly/slug-side check
414.01,0.306,23.25,0.366,167.7,0.393,0.342,,none,source01,75.98039215686275,496.22936908929256,0.15<x<=0.5,G<1900,G<1.0,False,True,True,x>0.05 but low G: not automatically annular; keep as possible bubbly/slug-side check
415.01,0.306,23.25,0.397,58.6,0.356,0.462,,none,source01,75.98039215686275,538.259725487566,0.15<x<=0.5,G<1900,G<1.0,False,True,True,x>0.05 but low G: not automatically annular; keep as possible bubbly/slug-side check
416.01,0.306,23.25,0.415,57.3,0.322,0.385,,none,source01,75.98039215686275,562.6644485575312,0.15<x<=0.5,G<1900,G<1.0,False,True,True,x>0.05 but low G: not automatically annular; keep as possible bubbly/slug-side check
417.01,0.306,23.25,0.422,279.8,0.568,0.279,,none,source01,75.98039215686275,572.1551741958509,0.15<x<=0.5,G<1900,G<1.0,False,True,True,x>0.05 but low G: not automatically annular; keep as possible bubbly/slug-side check
418.01,0.306,23.25,0.434,5.1,0.318,0.47,,none,source01,75.98039215686275,588.4249895758278,0.15<x<=0.5,G<1900,G<1.0,False,True,True,x>0.05 but low G: not automatically annular; keep as possible bubbly/slug-side check
419.01,0.306,23.25,0.44,85.0,0.393,0.402,,none,source01,75.98039215686275,596.5598972658162,0.15<x<=0.5,G<1900,G<1.0,False,True,True,x>0.05 but low G: not automatically annular; keep as possible bubbly/slug-side check
420.01,0.306,23.25,0.499,394.5,0.724,0.1,,none,source01,75.98039215686275,676.5531562173688,0.05<x<=0.15,G<1900,G<1.0,False,True,True,x>0.05 but low G: not automatically annular; keep as possible bubbly/slug-side check
421.01,0.306,23.25,0.505,389.4,0.715,0.088,,none,source01,75.98039215686275,684.6880639073572,0.05<x<=0.15,G<1900,G<1.0,False,True,True,x>0.05 but low G: not automatically annular; keep as possible bubbly/slug-side check
422.01,0.306,23.25,0.505,30.1,0.346,0.384,,none,source01,75.98039215686275,684.6880639073572,0.15<x<=0.5,G<1900,G<1.0,False,True,True,x>0.05 but low G: not automatically annular; keep as possible bubbly/slug-side check
423.01,0.306,23.25,0.531,224.1,0.595,0.251,,none,source01,75.98039215686275,719.9393305639736,0.15<x<=0.5,G<1900,G<1.0,False,True,True,x>0.05 but low G: not automatically annular; keep as possible bubbly/slug-side check
424.01,0.306,23.25,0.54,367.9,0.724,0.085,,none,source01,75.98039215686275,732.1416920989562,0.05<x<=0.15,G<1900,G<1.0,False,True,True,x>0.05 but low G: not automatically annular; keep as possible bubbly/slug-side check
425.01,0.306,23.25,0.546,15.2,0.346,0.383,,none,source01,75.98039215686275,740.2765997889447,0.15<x<=0.5,G<1900,G<1.0,False,True,True,x>0.05 but low G: not automatically annular; keep as possible bubbly/slug-side check
426.01,0.306,23.25,0.554,265.8,0.651,0.197,,none,source01,75.98039215686275,751.1231433755959,0.15<x<=0.5,G<1900,G<1.0,False,True,True,x>0.05 but low G: not automatically annular; keep as possible bubbly/slug-side check
427.01,0.306,23.25,0.56,281.9,0.665,0.17,,none,source01,75.98039215686275,759.2580510655844,0.15<x<=0.5,G<1900,G<1.0,False,True,True,x>0.05 but low G: not automatically annular; keep as possible bubbly/slug-side check
428.01,0.306,23.25,0.57,62.8,0.385,0.307,,none,source01,75.98039215686275,772.8162305488981,0.15<x<=0.5,G<1900,G<1.0,False,True,True,x>0.05 but low G: not automatically annular; keep as possible bubbly/slug-side check
429.01,0.306,23.25,0.605,252.9,0.663,0.173,,none,source01,75.98039215686275,820.2698587404973,0.15<x<=0.5,G<1900,G<1.0,False,True,True,x>0.05 but low G: not automatically annular; keep as possible bubbly/slug-side check
430.01,0.306,23.25,0.615,176.0,0.587,0.246,,none,source01,75.98039215686275,833.8280382238113,0.15<x<=0.5,G<1900,G<1.0,False,True,True,x>0.05 but low G: not automatically annular; keep as possible bubbly/slug-side check
431.01,0.306,23.25,0.64,46.7,0.384,0.293,,none,source01,75.98039215686275,867.7234869320963,0.15<x<=0.5,G<1900,G<1.0,False,True,True,x>0.05 but low G: not automatically annular; keep as possible bubbly/slug-side check
432.01,0.306,23.25,0.655,302.1,0.715,0.064,,none,source01,75.98039215686275,888.0607561570673,0.05<x<=0.15,G<1900,G<1.0,False,True,True,x>0.05 but low G: not automatically annular; keep as possible bubbly/slug-side check
433.01,0.306,23.25,0.688,284.0,0.715,0.069,,none,source01,75.98039215686275,932.8027484520035,0.05<x<=0.15,G<1900,G<1.0,False,True,True,x>0.05 but low G: not automatically annular; keep as possible bubbly/slug-side check
434.01,0.306,23.25,0.7,16.9,0.394,0.333,,none,source01,75.98039215686275,949.0725638319802,0.15<x<=0.5,G<1900,G<1.0,False,True,True,x>0.05 but low G: not automatically annular; keep as possible bubbly/slug-side check
435.01,0.306,23.25,0.723,157.0,0.6,0.205,,none,source01,75.98039215686275,980.2563766436025,0.15<x<=0.5,G<1900,G<1.0,False,True,True,x>0.05 but low G: not automatically annular; keep as possible bubbly/slug-side check
436.01,0.306,23.25,0.723,33.1,0.387,0.28,,none,source01,75.98039215686275,980.2563766436025,0.15<x<=0.5,G<1900,G<1.0,False,True,True,x>0.05 but low G: not automatically annular; keep as possible bubbly/slug-side check
437.01,0.306,23.25,0.753,211.7,0.666,0.123,,none,source01,75.98039215686275,1020.9309150935445,0.05<x<=0.15,G<1900,G<1.0,False,True,True,x>0.05 but low G: not automatically annular; keep as possible bubbly/slug-side check
438.01,0.306,23.25,0.763,256.1,0.725,0.071,,none,source01,75.98039215686275,1034.4890945768586,0.05<x<=0.15,G<1900,G<1.0,False,True,True,x>0.05 but low G: not automatically annular; keep as possible bubbly/slug-side check
439.01,0.306,23.25,0.765,210.6,0.663,0.114,,none,source01,75.98039215686275,1037.2007304735214,0.05<x<=0.15,G<1900,G<1.0,False,True,True,x>0.05 but low G: not automatically annular; keep as possible bubbly/slug-side check
440.01,0.306,23.25,0.771,240.7,0.718,0.091,,none,source01,75.98039215686275,1045.3356381635097,0.05<x<=0.15,G<1900,G<1.0,False,True,True,x>0.05 but low G: not automatically annular; keep as possible bubbly/slug-side check
441.01,0.306,23.25,0.821,160.6,0.619,0.148,,none,source01,75.98039215686275,1113.1265355800797,0.05<x<=0.15,G<1900,G<1.0,False,True,True,x>0.05 but low G: not automatically annular; keep as possible bubbly/slug-side check
443.01,0.306,23.25,0.909,219.6,0.738,0.059,,none,source01,75.98039215686275,1232.438515033243,0.05<x<=0.15,G<1900,G<1.0,False,True,True,x>0.05 but low G: not automatically annular; keep as possible bubbly/slug-side check
444.01,0.306,23.25,0.919,133.9,0.599,0.139,,none,source01,75.98039215686275,1245.996694516557,0.05<x<=0.15,G<1900,G<1.0,False,True,True,x>0.05 but low G: not automatically annular; keep as possible bubbly/slug-side check
445.01,0.306,23.25,0.929,123.9,0.619,0.17,,none,source01,75.98039215686275,1259.554873999871,0.15<x<=0.5,G<1900,G<1.0,False,True,True,x>0.05 but low G: not automatically annular; keep as possible bubbly/slug-side check
446.01,0.306,23.25,0.938,125.2,0.627,0.168,,none,source01,75.98039215686275,1271.7572355348536,0.15<x<=0.5,G<1900,G<1.0,False,True,True,x>0.05 but low G: not automatically annular; keep as possible bubbly/slug-side check
447.01,0.306,23.25,0.948,172.5,0.661,0.085,,none,source01,75.98039215686275,1285.3154150181676,0.05<x<=0.15,G<1900,G<1.0,False,True,True,x>0.05 but low G: not automatically annular; keep as possible bubbly/slug-side check
448.01,0.306,23.25,0.957,194.6,0.72,0.073,,none,source01,75.98039215686275,1297.5177765531503,0.05<x<=0.15,G<1900,G<1.0,False,True,True,x>0.05 but low G: not automatically annular; keep as possible bubbly/slug-side check
454.01,0.306,23.25,1.06,163.0,0.721,0.094,,none,source01,75.98039215686275,1437.1670252312845,0.05<x<=0.15,G<1900,1.0<=G<1.6,False,True,True,x>0.05 but low G: not automatically annular; keep as possible bubbly/slug-side check
455.01,0.306,23.25,1.08,123.9,0.63,0.115,,none,source01,75.98039215686275,1464.2833841979125,0.05<x<=0.15,G<1900,1.0<=G<1.6,False,True,True,x>0.05 but low G: not automatically annular; keep as possible bubbly/slug-side check
457.01,0.306,23.25,1.1,130.2,0.662,0.114,,none,source01,75.98039215686275,1491.3997431645405,0.05<x<=0.15,G<1900,1.0<=G<1.6,False,True,True,x>0.05 but low G: not automatically annular; keep as possible bubbly/slug-side check
458.01,0.306,23.25,1.11,157.0,0.716,0.084,,none,source01,75.98039215686275,1504.9579226478545,0.05<x<=0.15,G<1900,1.0<=G<1.6,False,True,True,x>0.05 but low G: not automatically annular; keep as possible bubbly/slug-side check
459.01,0.306,23.25,1.11,167.7,0.724,0.066,,none,source01,75.98039215686275,1504.9579226478545,0.05<x<=0.15,G<1900,1.0<=G<1.6,False,True,True,x>0.05 but low G: not automatically annular; keep as possible bubbly/slug-side check
460.01,0.306,23.25,1.13,87.7,0.601,0.16,,none,source01,75.98039215686275,1532.0742816144823,0.15<x<=0.5,G<1900,1.0<=G<1.6,False,True,True,x>0.05 but low G: not automatically annular; keep as possible bubbly/slug-side check
464.01,0.306,23.25,1.28,140.0,0.709,0.061,,none,source01,75.98039215686275,1735.4469738641926,0.05<x<=0.15,G<1900,1.0<=G<1.6,False,True,True,x>0.05 but low G: not automatically annular; keep as possible bubbly/slug-side check
465.01,0.306,23.25,1.28,99.6,0.63,0.108,,none,source01,75.98039215686275,1735.4469738641926,0.05<x<=0.15,G<1900,1.0<=G<1.6,False,True,True,x>0.05 but low G: not automatically annular; keep as possible bubbly/slug-side check
466.01,0.306,23.25,1.28,103.5,0.664,0.117,,none,source01,75.98039215686275,1735.4469738641926,0.05<x<=0.15,G<1900,1.0<=G<1.6,False,True,True,x>0.05 but low G: not automatically annular; keep as possible bubbly/slug-side check
467.01,0.306,23.25,1.31,125.2,0.668,0.064,,none,source01,75.98039215686275,1776.1215123141346,0.05<x<=0.15,G<1900,1.0<=G<1.6,False,True,True,x>0.05 but low G: not automatically annular; keep as possible bubbly/slug-side check
468.01,0.306,23.25,1.31,135.2,0.724,0.071,,none,source01,75.98039215686275,1776.1215123141346,0.05<x<=0.15,G<1900,1.0<=G<1.6,False,True,True,x>0.05 but low G: not automatically annular; keep as possible bubbly/slug-side check
470.01,0.306,23.25,1.4,90.3,0.649,0.109,,none,source01,75.98039215686275,1898.1451276639605,0.05<x<=0.15,G<1900,1.0<=G<1.6,False,True,True,x>0.05 but low G: not automatically annular; keep as possible bubbly/slug-side check
471.01,0.306,23.25,1.48,108.8,0.703,0.077,,none,source01,75.98039215686275,2006.6105635304725,0.05<x<=0.15,1900<=G<=4200,1.0<=G<1.6,False,True,True,x>0.05 mid/high G: transition check candidate
472.01,0.306,23.25,1.52,110.1,0.712,0.07,,none,source01,75.98039215686275,2060.8432814637285,0.05<x<=0.15,1900<=G<=4200,1.0<=G<1.6,False,True,True,x>0.05 mid/high G: transition check candidate
473.01,0.306,23.25,1.52,111.4,0.712,0.067,,none,source01,75.98039215686275,2060.8432814637285,0.05<x<=0.15,1900<=G<=4200,1.0<=G<1.6,False,True,True,x>0.05 mid/high G: transition check candidate
475.01,0.306,23.25,1.56,83.7,0.656,0.095,,none,source01,75.98039215686275,2115.0759993969846,0.05<x<=0.15,1900<=G<=4200,1.0<=G<1.6,False,True,True,x>0.05 mid/high G: transition check candidate
476.01,0.306,23.25,1.56,86.4,0.658,0.09,,none,source01,75.98039215686275,2115.0759993969846,0.05<x<=0.15,1900<=G<=4200,1.0<=G<1.6,False,True,True,x>0.05 mid/high G: transition check candidate
477.01,0.306,23.25,1.56,104.8,0.724,0.078,,none,source01,75.98039215686275,2115.0759993969846,0.05<x<=0.15,1900<=G<=4200,1.0<=G<1.6,False,True,True,x>0.05 mid/high G: transition check candidate
478.01,0.306,23.25,1.57,102.2,0.716,0.079,,none,source01,75.98039215686275,2128.634178880299,0.05<x<=0.15,1900<=G<=4200,1.0<=G<1.6,False,True,True,x>0.05 mid/high G: transition check candidate
480.01,0.306,23.25,1.61,98.2,0.725,0.083,,none,source01,75.98039215686275,2182.866896813555,0.05<x<=0.15,1900<=G<=4200,1.6<=G<=3.0,False,True,True,x>0.05 mid/high G: transition check candidate
481.01,0.306,23.25,1.67,49.7,0.6,0.128,,none,source01,75.98039215686275,2264.2159737134384,0.05<x<=0.15,1900<=G<=4200,1.6<=G<=3.0,False,True,True,x>0.05 mid/high G: transition check candidate
482.01,0.306,23.25,1.68,96.9,0.712,0.069,,none,source01,75.98039215686275,2277.7741531967526,0.05<x<=0.15,1900<=G<=4200,1.6<=G<=3.0,False,True,True,x>0.05 mid/high G: transition check candidate
484.01,0.306,23.25,1.71,46.7,0.596,0.128,,none,source01,75.98039215686275,2318.448691646695,0.05<x<=0.15,1900<=G<=4200,1.6<=G<=3.0,False,True,True,x>0.05 mid/high G: transition check candidate
485.01,0.306,23.25,1.72,86.4,0.709,0.084,,none,source01,75.98039215686275,2332.0068711300087,0.05<x<=0.15,1900<=G<=4200,1.6<=G<=3.0,False,True,True,x>0.05 mid/high G: transition check candidate
486.01,0.306,23.25,1.74,87.7,0.715,0.08,,none,source01,75.98039215686275,2359.1232300966367,0.05<x<=0.15,1900<=G<=4200,1.6<=G<=3.0,False,True,True,x>0.05 mid/high G: transition check candidate
487.01,0.306,23.25,1.75,69.8,0.655,0.095,,none,source01,75.98039215686275,2372.681409579951,0.05<x<=0.15,1900<=G<=4200,1.6<=G<=3.0,False,True,True,x>0.05 mid/high G: transition check candidate
488.01,0.306,23.25,1.75,71.2,0.661,0.094,,none,source01,75.98039215686275,2372.681409579951,0.05<x<=0.15,1900<=G<=4200,1.6<=G<=3.0,False,True,True,x>0.05 mid/high G: transition check candidate
490.01,0.306,23.25,1.96,100.9,0.806,0.052,,none,source01,75.98039215686275,2657.403178729545,0.05<x<=0.15,1900<=G<=4200,1.6<=G<=3.0,False,True,True,x>0.05 mid/high G: transition check candidate
491.01,0.306,23.25,2.04,67.0,0.709,0.083,,none,source01,75.98039215686275,2765.868614596057,0.05<x<=0.15,1900<=G<=4200,1.6<=G<=3.0,False,True,True,x>0.05 mid/high G: transition check candidate
492.01,0.306,23.25,2.04,68.4,0.715,0.082,,none,source01,75.98039215686275,2765.868614596057,0.05<x<=0.15,1900<=G<=4200,1.6<=G<=3.0,False,True,True,x>0.05 mid/high G: transition check candidate
494.01,0.306,23.25,2.15,64.2,0.72,0.081,,none,source01,75.98039215686275,2915.0085889125107,0.05<x<=0.15,1900<=G<=4200,1.6<=G<=3.0,False,True,True,x>0.05 mid/high G: transition check candidate
495.01,0.306,23.25,2.15,65.6,0.716,0.077,,none,source01,75.98039215686275,2915.0085889125107,0.05<x<=0.15,1900<=G<=4200,1.6<=G<=3.0,False,True,True,x>0.05 mid/high G: transition check candidate
