ExptNo,Dia_in,Length_in,G_1e6_lb_hr_ft2,InletSubcool_BTUlb,BurnoutHF_1e6_BTU_hr_ft2,ExitQuality,flag,flag_norm,source,L_over_D,G_kg_m2_s,quality_bin,G_band_kg,G_band_raw,lowX_le_005,x_gt_005,x_pos_gt_005,flow_proxy_comment,Hsub_kJkg,qCHF_MW_m2,lowX_le_005_calc,G_le_4200,G_ge_1900,LD_ge_40,B_like_lowX,B_like_lowX_G1900_4200,x_band2,G_band2,LD_band2
290.09,0.304,18.0,0.466,20.0,0.37,0.363,,none,source09,59.21052631578947,631.8111639224327,0.15<x<=0.5,G<1900,G<1.0,False,True,True,x>0.05 but low G: not automatically annular; keep as possible bubbly/slug-side check,46.52,1.1671985775,False,True,False,True,False,False,x>0.05,G<1900,40<=LD<60
291.09,0.304,18.0,0.47,4.5,0.37,0.393,,none,source09,59.21052631578947,637.2344357157582,0.15<x<=0.5,G<1900,G<1.0,False,True,True,x>0.05 but low G: not automatically annular; keep as possible bubbly/slug-side check,10.467,1.1671985775,False,True,False,True,False,False,x>0.05,G<1900,40<=LD<60
292.09,0.304,18.0,0.48,71.5,0.43,0.304,,none,source09,59.21052631578947,650.7926151990722,0.15<x<=0.5,G<1900,G<1.0,False,True,True,x>0.05 but low G: not automatically annular; keep as possible bubbly/slug-side check,166.309,1.3564740225,False,True,False,True,False,False,x>0.05,G<1900,40<=LD<60
293.09,0.304,18.0,0.485,273.0,0.715,0.164,,none,source09,59.21052631578947,657.5717049407292,0.15<x<=0.5,G<1900,G<1.0,False,True,True,x>0.05 but low G: not automatically annular; keep as possible bubbly/slug-side check,634.998,2.25553238625,False,True,False,True,False,False,x>0.05,G<1900,40<=LD<60
294.09,0.304,18.0,0.491,460.0,0.975,0.022,,none,source09,59.21052631578947,665.7066126307176,0<x<=0.05,G<1900,G<1.0,True,False,False,lowX: DNB bubble/slug proxy candidate; quality alone not flow-regime proof,1069.96,3.07572598125,True,True,False,True,True,False,0<x<=0.05,G<1900,40<=LD<60
295.09,0.304,18.0,0.491,147.0,0.55,0.255,,none,source09,59.21052631578947,665.7066126307176,0.15<x<=0.5,G<1900,G<1.0,False,True,True,x>0.05 but low G: not automatically annular; keep as possible bubbly/slug-side check,341.922,1.7350249125000001,False,True,False,True,False,False,x>0.05,G<1900,40<=LD<60
296.09,0.304,18.0,0.491,105.0,0.484,0.277,,none,source09,59.21052631578947,665.7066126307176,0.15<x<=0.5,G<1900,G<1.0,False,True,True,x>0.05 but low G: not automatically annular; keep as possible bubbly/slug-side check,244.23000000000002,1.526821923,False,True,False,True,False,False,x>0.05,G<1900,40<=LD<60
297.09,0.304,18.0,0.495,266.0,0.685,0.133,,none,source09,59.21052631578947,671.1298844240432,0.05<x<=0.15,G<1900,G<1.0,False,True,True,x>0.05 but low G: not automatically annular; keep as possible bubbly/slug-side check,618.716,2.16089466375,False,True,False,True,False,False,x>0.05,G<1900,40<=LD<60
298.09,0.304,18.0,0.496,66.0,0.435,0.306,,none,source09,59.21052631578947,672.4857023723746,0.15<x<=0.5,G<1900,G<1.0,False,True,True,x>0.05 but low G: not automatically annular; keep as possible bubbly/slug-side check,153.516,1.37224697625,False,True,False,True,False,False,x>0.05,G<1900,40<=LD<60
299.09,0.304,18.0,0.5,391.0,0.86,0.035,,none,source09,59.21052631578947,677.9089741657002,0<x<=0.05,G<1900,G<1.0,True,False,False,lowX: DNB bubble/slug proxy candidate; quality alone not flow-regime proof,909.466,2.712948045,True,True,False,True,True,False,0<x<=0.05,G<1900,40<=LD<60
300.09,0.304,18.0,0.5,192.0,0.572,0.17,,none,source09,59.21052631578947,677.9089741657002,0.15<x<=0.5,G<1900,G<1.0,False,True,True,x>0.05 but low G: not automatically annular; keep as possible bubbly/slug-side check,446.592,1.8044259089999999,False,True,False,True,False,False,x>0.05,G<1900,40<=LD<60
301.09,0.304,18.0,0.508,538.0,1.0,-0.155,,none,source09,59.21052631578947,688.7555177523515,x<=0,G<1900,G<1.0,True,False,False,lowX: DNB bubble/slug proxy candidate; quality alone not flow-regime proof,1251.3880000000001,3.15459075,True,True,False,True,True,False,-0.20<x<=-0.10,G<1900,40<=LD<60
302.09,0.304,18.0,0.511,391.0,0.86,0.016,,none,source09,59.21052631578947,692.8229715973456,0<x<=0.05,G<1900,G<1.0,True,False,False,lowX: DNB bubble/slug proxy candidate; quality alone not flow-regime proof,909.466,2.712948045,True,True,False,True,True,False,0<x<=0.05,G<1900,40<=LD<60
303.09,0.304,18.0,0.511,94.0,0.488,0.285,,none,source09,59.21052631578947,692.8229715973456,0.15<x<=0.5,G<1900,G<1.0,False,True,True,x>0.05 but low G: not automatically annular; keep as possible bubbly/slug-side check,218.644,1.539440286,False,True,False,True,False,False,x>0.05,G<1900,40<=LD<60
304.09,0.304,18.0,0.512,556.0,1.14,-0.062,,none,source09,59.21052631578947,694.1787895456771,x<=0,G<1900,G<1.0,True,False,False,lowX: DNB bubble/slug proxy candidate; quality alone not flow-regime proof,1293.256,3.5962334549999997,True,True,False,True,True,False,-0.10<x<=0,G<1900,40<=LD<60
305.09,0.304,18.0,0.52,554.0,1.08,-0.134,,none,source09,59.21052631578947,705.0253331323282,x<=0,G<1900,G<1.0,True,False,False,lowX: DNB bubble/slug proxy candidate; quality alone not flow-regime proof,1288.604,3.4069580100000003,True,True,False,True,True,False,-0.20<x<=-0.10,G<1900,40<=LD<60
306.09,0.304,18.0,0.52,295.0,0.715,0.066,,none,source09,59.21052631578947,705.0253331323282,0.05<x<=0.15,G<1900,G<1.0,False,True,True,x>0.05 but low G: not automatically annular; keep as possible bubbly/slug-side check,686.1700000000001,2.25553238625,False,True,False,True,False,False,x>0.05,G<1900,40<=LD<60
307.09,0.304,18.0,0.541,524.0,1.0,-0.186,,none,source09,59.21052631578947,733.4975100472877,x<=0,G<1900,G<1.0,True,False,False,lowX: DNB bubble/slug proxy candidate; quality alone not flow-regime proof,1218.824,3.15459075,True,True,False,True,True,False,-0.20<x<=-0.10,G<1900,40<=LD<60
308.09,0.304,18.0,0.545,565.0,1.1,-0.188,,none,source09,59.21052631578947,738.9207818406132,x<=0,G<1900,G<1.0,True,False,False,lowX: DNB bubble/slug proxy candidate; quality alone not flow-regime proof,1314.19,3.4700498250000003,True,True,False,True,True,False,-0.20<x<=-0.10,G<1900,40<=LD<60
309.09,0.304,18.0,0.656,10.0,0.386,0.279,,none,source09,59.21052631578947,889.4165741053987,0.15<x<=0.5,G<1900,G<1.0,False,True,True,x>0.05 but low G: not automatically annular; keep as possible bubbly/slug-side check,23.26,1.2176720295,False,True,False,True,False,False,x>0.05,G<1900,40<=LD<60
310.09,0.304,18.0,0.673,112.0,0.545,0.172,,none,source09,59.21052631578947,912.4654792270326,0.15<x<=0.5,G<1900,G<1.0,False,True,True,x>0.05 but low G: not automatically annular; keep as possible bubbly/slug-side check,260.512,1.7192519587500001,False,True,False,True,False,False,x>0.05,G<1900,40<=LD<60
311.09,0.304,18.0,0.673,68.5,0.48,0.217,,none,source09,59.21052631578947,912.4654792270326,0.15<x<=0.5,G<1900,G<1.0,False,True,True,x>0.05 but low G: not automatically annular; keep as possible bubbly/slug-side check,159.33100000000002,1.51420356,False,True,False,True,False,False,x>0.05,G<1900,40<=LD<60
312.09,0.304,18.0,0.682,208.0,0.707,0.081,,none,source09,59.21052631578947,924.6678407620152,0.05<x<=0.15,G<1900,G<1.0,False,True,True,x>0.05 but low G: not automatically annular; keep as possible bubbly/slug-side check,483.808,2.23029566025,False,True,False,True,False,False,x>0.05,G<1900,40<=LD<60
313.09,0.304,18.0,0.683,216.0,0.72,0.073,,none,source09,59.21052631578947,926.0236587103466,0.05<x<=0.15,G<1900,G<1.0,False,True,True,x>0.05 but low G: not automatically annular; keep as possible bubbly/slug-side check,502.416,2.27130534,False,True,False,True,False,False,x>0.05,G<1900,40<=LD<60
314.09,0.304,18.0,0.685,306.0,0.86,-0.019,,none,source09,59.21052631578947,928.7352946070092,x<=0,G<1900,G<1.0,True,False,False,lowX: DNB bubble/slug proxy candidate; quality alone not flow-regime proof,711.756,2.712948045,True,True,False,True,True,False,-0.10<x<=0,G<1900,40<=LD<60
315.09,0.304,18.0,0.685,119.0,0.57,0.168,,none,source09,59.21052631578947,928.7352946070092,0.15<x<=0.5,G<1900,G<1.0,False,True,True,x>0.05 but low G: not automatically annular; keep as possible bubbly/slug-side check,276.794,1.7981167274999998,False,True,False,True,False,False,x>0.05,G<1900,40<=LD<60
316.09,0.304,18.0,0.685,68.5,0.485,0.214,,none,source09,59.21052631578947,928.7352946070092,0.15<x<=0.5,G<1900,G<1.0,False,True,True,x>0.05 but low G: not automatically annular; keep as possible bubbly/slug-side check,159.33100000000002,1.52997651375,False,True,False,True,False,False,x>0.05,G<1900,40<=LD<60
317.09,0.304,18.0,0.687,299.0,0.86,-0.005,,none,source09,59.21052631578947,931.4469305036722,x<=0,G<1900,G<1.0,True,False,False,lowX: DNB bubble/slug proxy candidate; quality alone not flow-regime proof,695.474,2.712948045,True,True,False,True,True,False,-0.10<x<=0,G<1900,40<=LD<60
318.09,0.304,18.0,0.69,42.5,0.434,0.23,,none,source09,59.21052631578947,935.5143843486662,0.15<x<=0.5,G<1900,G<1.0,False,True,True,x>0.05 but low G: not automatically annular; keep as possible bubbly/slug-side check,98.855,1.3690923855000001,False,True,False,True,False,False,x>0.05,G<1900,40<=LD<60
319.09,0.304,18.0,0.69,557.0,1.29,-0.246,,none,source09,59.21052631578947,935.5143843486662,x<=0,G<1900,G<1.0,True,False,False,lowX: DNB bubble/slug proxy candidate; quality alone not flow-regime proof,1295.582,4.069422067500001,True,True,False,True,True,False,x<=-0.20,G<1900,40<=LD<60
320.09,0.304,18.0,0.695,407.0,1.0,-0.143,,none,source09,59.21052631578947,942.2934740903232,x<=0,G<1900,G<1.0,True,False,False,lowX: DNB bubble/slug proxy candidate; quality alone not flow-regime proof,946.682,3.15459075,True,True,False,True,True,False,-0.20<x<=-0.10,G<1900,40<=LD<60
321.09,0.304,18.0,0.696,42.5,0.431,0.225,,none,source09,59.21052631578947,943.6492920386546,0.15<x<=0.5,G<1900,G<1.0,False,True,True,x>0.05 but low G: not automatically annular; keep as possible bubbly/slug-side check,98.855,1.35962861325,False,True,False,True,False,False,x>0.05,G<1900,40<=LD<60
322.09,0.304,18.0,0.705,404.0,1.0,-0.147,,none,source09,59.21052631578947,955.8516535736372,x<=0,G<1900,G<1.0,True,False,False,lowX: DNB bubble/slug proxy candidate; quality alone not flow-regime proof,939.7040000000001,3.15459075,True,True,False,True,True,False,-0.20<x<=-0.10,G<1900,40<=LD<60
323.09,0.304,18.0,0.705,489.0,1.14,-0.229,,none,source09,59.21052631578947,955.8516535736372,x<=0,G<1900,G<1.0,True,False,False,lowX: DNB bubble/slug proxy candidate; quality alone not flow-regime proof,1137.414,3.5962334549999997,True,True,False,True,True,False,x<=-0.20,G<1900,40<=LD<60
324.09,0.304,18.0,0.71,544.0,1.28,-0.253,,none,source09,59.21052631578947,962.6307433152942,x<=0,G<1900,G<1.0,True,False,False,lowX: DNB bubble/slug proxy candidate; quality alone not flow-regime proof,1265.344,4.037876160000001,True,True,False,True,True,False,x<=-0.20,G<1900,40<=LD<60
325.09,0.304,18.0,0.9,27.0,0.44,0.192,,none,source09,59.21052631578947,1220.2361534982604,0.15<x<=0.5,G<1900,G<1.0,False,True,True,x>0.05 but low G: not automatically annular; keep as possible bubbly/slug-side check,62.802,1.38801993,False,True,False,True,False,False,x>0.05,G<1900,40<=LD<60
326.09,0.304,18.0,0.951,207.0,0.855,0.013,,none,source09,59.21052631578947,1289.3828688631618,0<x<=0.05,G<1900,G<1.0,True,False,False,lowX: DNB bubble/slug proxy candidate; quality alone not flow-regime proof,481.482,2.69717509125,True,True,False,True,True,False,0<x<=0.05,G<1900,40<=LD<60
327.09,0.304,18.0,0.96,200.0,0.855,0.024,,none,source09,59.21052631578947,1301.5852303981444,0<x<=0.05,G<1900,G<1.0,True,False,False,lowX: DNB bubble/slug proxy candidate; quality alone not flow-regime proof,465.2,2.69717509125,True,True,False,True,True,False,0<x<=0.05,G<1900,40<=LD<60
328.09,0.304,18.0,0.972,137.0,0.735,0.091,,none,source09,59.21052631578947,1317.8550457781212,0.05<x<=0.15,G<1900,G<1.0,False,True,True,x>0.05 but low G: not automatically annular; keep as possible bubbly/slug-side check,318.66200000000003,2.31862420125,False,True,False,True,False,False,x>0.05,G<1900,40<=LD<60
329.09,0.304,18.0,0.985,349.0,1.15,-0.156,,none,source09,59.21052631578947,1335.4806791064293,x<=0,G<1900,G<1.0,True,False,False,lowX: DNB bubble/slug proxy candidate; quality alone not flow-regime proof,811.774,3.6277793624999997,True,True,False,True,True,False,-0.20<x<=-0.10,G<1900,40<=LD<60
330.09,0.304,18.0,0.987,16.0,0.425,0.186,,none,source09,59.21052631578947,1338.1923150030923,0.15<x<=0.5,G<1900,G<1.0,False,True,True,x>0.05 but low G: not automatically annular; keep as possible bubbly/slug-side check,37.216,1.34070106875,False,True,False,True,False,False,x>0.05,G<1900,40<=LD<60
331.09,0.304,18.0,0.99,85.0,0.573,0.112,,none,source09,59.21052631578947,1342.2597688480864,0.05<x<=0.15,G<1900,G<1.0,False,True,True,x>0.05 but low G: not automatically annular; keep as possible bubbly/slug-side check,197.71,1.80758049975,False,True,False,True,False,False,x>0.05,G<1900,40<=LD<60
332.09,0.304,18.0,0.996,327.0,1.13,-0.126,,none,source09,59.21052631578947,1350.394676538075,x<=0,G<1900,G<1.0,True,False,False,lowX: DNB bubble/slug proxy candidate; quality alone not flow-regime proof,760.602,3.5646875474999997,True,True,False,True,True,False,-0.20<x<=-0.10,G<1900,40<=LD<60
333.09,0.304,18.0,0.998,268.0,1.02,-0.056,,none,source09,59.21052631578947,1353.1063124347377,x<=0,G<1900,G<1.0,True,False,False,lowX: DNB bubble/slug proxy candidate; quality alone not flow-regime proof,623.368,3.217682565,True,True,False,True,True,False,-0.10<x<=0,G<1900,40<=LD<60
334.09,0.304,18.0,1.0,21.0,0.43,0.174,,none,source09,59.21052631578947,1355.8179483314004,0.15<x<=0.5,G<1900,G<1.0,False,True,True,x>0.05 but low G: not automatically annular; keep as possible bubbly/slug-side check,48.846000000000004,1.3564740225,False,True,False,True,False,False,x>0.05,G<1900,40<=LD<60
335.09,0.304,18.0,1.0,74.0,0.565,0.129,,none,source09,59.21052631578947,1355.8179483314004,0.05<x<=0.15,G<1900,G<1.0,False,True,True,x>0.05 but low G: not automatically annular; keep as possible bubbly/slug-side check,172.124,1.7823437737499999,False,True,False,True,False,False,x>0.05,G<1900,40<=LD<60
336.09,0.304,18.0,1.0,441.0,1.43,-0.221,,none,source09,59.21052631578947,1355.8179483314004,x<=0,G<1900,G<1.0,True,False,False,lowX: DNB bubble/slug proxy candidate; quality alone not flow-regime proof,1025.766,4.5110647725,True,True,False,True,True,False,x<=-0.20,G<1900,40<=LD<60
337.09,0.304,18.0,1.0,525.0,1.57,-0.331,,none,source09,59.21052631578947,1355.8179483314004,x<=0,G<1900,G<1.0,True,False,False,lowX: DNB bubble/slug proxy candidate; quality alone not flow-regime proof,1221.15,4.952707477500001,True,True,False,True,True,False,x<=-0.20,G<1900,40<=LD<60
338.09,0.304,18.0,1.0,400.0,1.3,-0.199,,none,source09,59.21052631578947,1355.8179483314004,x<=0,G<1900,G<1.0,True,False,False,lowX: DNB bubble/slug proxy candidate; quality alone not flow-regime proof,930.4,4.1009679750000005,True,True,False,True,True,False,-0.20<x<=-0.10,G<1900,40<=LD<60
339.09,0.304,18.0,1.0,96.0,0.58,0.089,,none,source09,59.21052631578947,1355.8179483314004,0.05<x<=0.15,G<1900,G<1.0,False,True,True,x>0.05 but low G: not automatically annular; keep as possible bubbly/slug-side check,223.296,1.829662635,False,True,False,True,False,False,x>0.05,G<1900,40<=LD<60
340.09,0.304,18.0,1.01,196.0,0.86,0.012,,none,source09,59.21052631578947,1369.3761278147144,0<x<=0.05,G<1900,1.0<=G<1.6,True,False,False,lowX: DNB bubble/slug proxy candidate; quality alone not flow-regime proof,455.896,2.712948045,True,True,False,True,True,False,0<x<=0.05,G<1900,40<=LD<60
341.09,0.304,18.0,1.01,556.0,1.69,-0.345,,none,source09,59.21052631578947,1369.3761278147144,x<=0,G<1900,1.0<=G<1.6,True,False,False,lowX: DNB bubble/slug proxy candidate; quality alone not flow-regime proof,1293.256,5.3312583675,True,True,False,True,True,False,x<=-0.20,G<1900,40<=LD<60
342.09,0.304,18.0,1.01,456.0,1.43,-0.26,,none,source09,59.21052631578947,1369.3761278147144,x<=0,G<1900,1.0<=G<1.6,True,False,False,lowX: DNB bubble/slug proxy candidate; quality alone not flow-regime proof,1060.656,4.5110647725,True,True,False,True,True,False,x<=-0.20,G<1900,40<=LD<60
343.09,0.304,18.0,1.02,385.0,1.29,-0.184,,none,source09,59.21052631578947,1382.9343072980284,x<=0,G<1900,1.0<=G<1.6,True,False,False,lowX: DNB bubble/slug proxy candidate; quality alone not flow-regime proof,895.51,4.069422067500001,True,True,False,True,True,False,-0.20<x<=-0.10,G<1900,40<=LD<60
344.09,0.304,18.0,1.02,129.0,0.715,0.08,,none,source09,59.21052631578947,1382.9343072980284,0.05<x<=0.15,G<1900,1.0<=G<1.6,False,True,True,x>0.05 but low G: not automatically annular; keep as possible bubbly/slug-side check,300.05400000000003,2.25553238625,False,True,False,True,False,False,x>0.05,G<1900,40<=LD<60
345.09,0.304,18.0,1.02,41.0,0.485,0.155,,none,source09,59.21052631578947,1382.9343072980284,0.15<x<=0.5,G<1900,1.0<=G<1.6,False,True,True,x>0.05 but low G: not automatically annular; keep as possible bubbly/slug-side check,95.366,1.52997651375,False,True,False,True,False,False,x>0.05,G<1900,40<=LD<60
346.09,0.304,18.0,1.02,198.0,0.855,0.001,,none,source09,59.21052631578947,1382.9343072980284,0<x<=0.05,G<1900,1.0<=G<1.6,True,False,False,lowX: DNB bubble/slug proxy candidate; quality alone not flow-regime proof,460.548,2.69717509125,True,True,False,True,True,False,0<x<=0.05,G<1900,40<=LD<60
347.09,0.304,18.0,1.02,144.0,0.715,0.048,,none,source09,59.21052631578947,1382.9343072980284,0<x<=0.05,G<1900,1.0<=G<1.6,True,False,False,lowX: DNB bubble/slug proxy candidate; quality alone not flow-regime proof,334.944,2.25553238625,True,True,False,True,True,False,0<x<=0.05,G<1900,40<=LD<60
348.09,0.304,18.0,1.03,452.0,1.425,-0.268,,none,source09,59.21052631578947,1396.4924867813424,x<=0,G<1900,1.0<=G<1.6,True,False,False,lowX: DNB bubble/slug proxy candidate; quality alone not flow-regime proof,1051.352,4.49529181875,True,True,False,True,True,False,x<=-0.20,G<1900,40<=LD<60
349.09,0.304,18.0,1.04,258.0,1.0,-0.065,,none,source09,59.21052631578947,1410.0506662646565,x<=0,G<1900,1.0<=G<1.6,True,False,False,lowX: DNB bubble/slug proxy candidate; quality alone not flow-regime proof,600.1080000000001,3.15459075,True,True,False,True,True,False,-0.10<x<=0,G<1900,40<=LD<60
350.09,0.304,18.0,1.08,480.0,1.57,-0.293,,none,source09,59.21052631578947,1464.2833841979125,x<=0,G<1900,1.0<=G<1.6,True,False,False,lowX: DNB bubble/slug proxy candidate; quality alone not flow-regime proof,1116.48,4.952707477500001,True,True,False,True,True,False,x<=-0.20,G<1900,40<=LD<60
351.09,0.304,18.0,1.18,35.0,0.484,0.134,,none,source09,59.21052631578947,1599.8651790310523,0.05<x<=0.15,G<1900,1.0<=G<1.6,False,True,True,x>0.05 but low G: not automatically annular; keep as possible bubbly/slug-side check,81.41,1.526821923,False,True,False,True,False,False,x>0.05,G<1900,40<=LD<60
352.09,0.304,18.0,1.19,39.0,0.498,0.13,,none,source09,59.21052631578947,1613.4233585143663,0.05<x<=0.15,G<1900,1.0<=G<1.6,False,True,True,x>0.05 but low G: not automatically annular; keep as possible bubbly/slug-side check,90.714,1.5709861935,False,True,False,True,False,False,x>0.05,G<1900,40<=LD<60
353.09,0.304,18.0,1.2,17.0,0.458,0.158,,none,source09,59.21052631578947,1626.9815379976806,0.15<x<=0.5,G<1900,1.0<=G<1.6,False,True,True,x>0.05 but low G: not automatically annular; keep as possible bubbly/slug-side check,39.542,1.4448025635000001,False,True,False,True,False,False,x>0.05,G<1900,40<=LD<60
354.09,0.304,18.0,1.22,347.0,1.37,-0.175,,none,source09,59.21052631578947,1654.0978969643086,x<=0,G<1900,1.0<=G<1.6,True,False,False,lowX: DNB bubble/slug proxy candidate; quality alone not flow-regime proof,807.1220000000001,4.3217893275,True,True,False,True,True,False,-0.20<x<=-0.10,G<1900,40<=LD<60
355.09,0.304,18.0,1.22,317.0,1.29,-0.144,,none,source09,59.21052631578947,1654.0978969643086,x<=0,G<1900,1.0<=G<1.6,True,False,False,lowX: DNB bubble/slug proxy candidate; quality alone not flow-regime proof,737.342,4.069422067500001,True,True,False,True,True,False,-0.20<x<=-0.10,G<1900,40<=LD<60
356.09,0.304,18.0,1.22,74.0,0.595,0.09,,none,source09,59.21052631578947,1654.0978969643086,0.05<x<=0.15,G<1900,1.0<=G<1.6,False,True,True,x>0.05 but low G: not automatically annular; keep as possible bubbly/slug-side check,172.124,1.87698149625,False,True,False,True,False,False,x>0.05,G<1900,40<=LD<60
357.09,0.304,18.0,1.22,356.0,1.42,-0.173,,none,source09,59.21052631578947,1654.0978969643086,x<=0,G<1900,1.0<=G<1.6,True,False,False,lowX: DNB bubble/slug proxy candidate; quality alone not flow-regime proof,828.056,4.479518865,True,True,False,True,True,False,-0.20<x<=-0.10,G<1900,40<=LD<60
358.09,0.304,18.0,1.22,67.0,0.572,0.095,,none,source09,59.21052631578947,1654.0978969643086,0.05<x<=0.15,G<1900,1.0<=G<1.6,False,True,True,x>0.05 but low G: not automatically annular; keep as possible bubbly/slug-side check,155.842,1.8044259089999999,False,True,False,True,False,False,x>0.05,G<1900,40<=LD<60
359.09,0.304,18.0,1.23,426.0,1.65,-0.234,,none,source09,59.21052631578947,1667.6560764476226,x<=0,G<1900,1.0<=G<1.6,True,False,False,lowX: DNB bubble/slug proxy candidate; quality alone not flow-regime proof,990.876,5.2050747374999995,True,True,False,True,True,False,x<=-0.20,G<1900,40<=LD<60
360.09,0.304,18.0,1.23,428.0,1.64,-0.242,,none,source09,59.21052631578947,1667.6560764476226,x<=0,G<1900,1.0<=G<1.6,True,False,False,lowX: DNB bubble/slug proxy candidate; quality alone not flow-regime proof,995.528,5.1735288299999995,True,True,False,True,True,False,x<=-0.20,G<1900,40<=LD<60
361.09,0.304,18.0,1.23,310.0,1.29,-0.133,,none,source09,59.21052631578947,1667.6560764476226,x<=0,G<1900,1.0<=G<1.6,True,False,False,lowX: DNB bubble/slug proxy candidate; quality alone not flow-regime proof,721.0600000000001,4.069422067500001,True,True,False,True,True,False,-0.20<x<=-0.10,G<1900,40<=LD<60
362.09,0.304,18.0,1.23,256.0,1.14,-0.079,,none,source09,59.21052631578947,1667.6560764476226,x<=0,G<1900,1.0<=G<1.6,True,False,False,lowX: DNB bubble/slug proxy candidate; quality alone not flow-regime proof,595.456,3.5962334549999997,True,True,False,True,True,False,-0.10<x<=0,G<1900,40<=LD<60
363.09,0.304,18.0,1.24,151.0,0.84,0.02,,none,source09,59.21052631578947,1681.2142559309366,0<x<=0.05,G<1900,1.0<=G<1.6,True,False,False,lowX: DNB bubble/slug proxy candidate; quality alone not flow-regime proof,351.226,2.64985623,True,True,False,True,True,False,0<x<=0.05,G<1900,40<=LD<60
364.09,0.304,18.0,1.24,117.0,0.74,0.053,,none,source09,59.21052631578947,1681.2142559309366,0.05<x<=0.15,G<1900,1.0<=G<1.6,False,True,True,x>0.05 but low G: not automatically annular; keep as possible bubbly/slug-side check,272.142,2.334397155,False,True,False,True,False,False,x>0.05,G<1900,40<=LD<60
365.09,0.304,18.0,1.24,207.0,1.0,-0.035,,none,source09,59.21052631578947,1681.2142559309366,x<=0,G<1900,1.0<=G<1.6,True,False,False,lowX: DNB bubble/slug proxy candidate; quality alone not flow-regime proof,481.482,3.15459075,True,True,False,True,True,False,-0.10<x<=0,G<1900,40<=LD<60
366.09,0.304,18.0,1.24,151.0,0.84,0.02,,none,source09,59.21052631578947,1681.2142559309366,0<x<=0.05,G<1900,1.0<=G<1.6,True,False,False,lowX: DNB bubble/slug proxy candidate; quality alone not flow-regime proof,351.226,2.64985623,True,True,False,True,True,False,0<x<=0.05,G<1900,40<=LD<60
367.09,0.304,18.0,1.24,112.0,0.715,0.053,,none,source09,59.21052631578947,1681.2142559309366,0.05<x<=0.15,G<1900,1.0<=G<1.6,False,True,True,x>0.05 but low G: not automatically annular; keep as possible bubbly/slug-side check,260.512,2.25553238625,False,True,False,True,False,False,x>0.05,G<1900,40<=LD<60
368.09,0.304,18.0,1.25,197.0,0.98,-0.024,,none,source09,59.21052631578947,1694.7724354142506,x<=0,G<1900,1.0<=G<1.6,True,False,False,lowX: DNB bubble/slug proxy candidate; quality alone not flow-regime proof,458.22200000000004,3.091498935,True,True,False,True,True,False,-0.10<x<=0,G<1900,40<=LD<60
369.09,0.304,18.0,1.28,251.0,1.15,-0.082,,none,source09,59.21052631578947,1735.4469738641926,x<=0,G<1900,1.0<=G<1.6,True,False,False,lowX: DNB bubble/slug proxy candidate; quality alone not flow-regime proof,583.826,3.6277793624999997,True,True,False,True,True,False,-0.10<x<=0,G<1900,40<=LD<60
370.09,0.304,18.0,1.46,167.0,0.99,-0.014,,none,source09,59.21052631578947,1979.4942045638445,x<=0,1900<=G<=4200,1.0<=G<1.6,True,False,False,lowX: DNB bubble/slug proxy candidate; quality alone not flow-regime proof,388.442,3.1230448425,True,True,True,True,True,True,-0.10<x<=0,1900<=G<=4200,40<=LD<60
371.09,0.304,18.0,1.46,86.0,0.715,0.065,,none,source09,59.21052631578947,1979.4942045638445,0.05<x<=0.15,1900<=G<=4200,1.0<=G<1.6,False,True,True,x>0.05 mid/high G: transition check candidate,200.036,2.25553238625,False,True,True,True,False,False,x>0.05,1900<=G<=4200,40<=LD<60
372.09,0.304,18.0,1.47,372.0,1.63,-0.236,,none,source09,59.21052631578947,1993.0523840471585,x<=0,1900<=G<=4200,1.0<=G<1.6,True,False,False,lowX: DNB bubble/slug proxy candidate; quality alone not flow-regime proof,865.272,5.1419829224999996,True,True,True,True,True,True,x<=-0.20,1900<=G<=4200,40<=LD<60
373.09,0.304,18.0,1.48,364.0,1.62,-0.226,,none,source09,59.21052631578947,2006.6105635304723,x<=0,1900<=G<=4200,1.0<=G<1.6,True,False,False,lowX: DNB bubble/slug proxy candidate; quality alone not flow-regime proof,846.664,5.1104370150000005,True,True,True,True,True,True,x<=-0.20,1900<=G<=4200,40<=LD<60
374.09,0.304,18.0,1.48,214.0,1.14,-0.068,,none,source09,59.21052631578947,2006.6105635304723,x<=0,1900<=G<=4200,1.0<=G<1.6,True,False,False,lowX: DNB bubble/slug proxy candidate; quality alone not flow-regime proof,497.764,3.5962334549999997,True,True,True,True,True,True,-0.10<x<=0,1900<=G<=4200,40<=LD<60
375.09,0.304,18.0,1.48,17.0,0.48,0.129,,none,source09,59.21052631578947,2006.6105635304723,0.05<x<=0.15,1900<=G<=4200,1.0<=G<1.6,False,True,True,x>0.05 mid/high G: transition check candidate,39.542,1.51420356,False,True,True,True,False,False,x>0.05,1900<=G<=4200,40<=LD<60
376.09,0.304,18.0,1.49,248.0,1.27,-0.1,,none,source09,59.21052631578947,2020.1687430137863,x<=0,1900<=G<=4200,1.0<=G<1.6,True,False,False,lowX: DNB bubble/slug proxy candidate; quality alone not flow-regime proof,576.8480000000001,4.006330252500001,True,True,True,True,True,True,-0.20<x<=-0.10,1900<=G<=4200,40<=LD<60
377.09,0.304,18.0,1.5,295.0,1.43,-0.149,,none,source09,59.21052631578947,2033.7269224971003,x<=0,1900<=G<=4200,1.0<=G<1.6,True,False,False,lowX: DNB bubble/slug proxy candidate; quality alone not flow-regime proof,686.1700000000001,4.5110647725,True,True,True,True,True,True,-0.20<x<=-0.10,1900<=G<=4200,40<=LD<60
378.09,0.304,18.0,1.5,125.0,0.865,0.025,,none,source09,59.21052631578947,2033.7269224971003,0<x<=0.05,1900<=G<=4200,1.0<=G<1.6,True,False,False,lowX: DNB bubble/slug proxy candidate; quality alone not flow-regime proof,290.75,2.72872099875,True,True,True,True,True,True,0<x<=0.05,1900<=G<=4200,40<=LD<60
379.09,0.304,18.0,1.5,47.0,0.571,0.093,,none,source09,59.21052631578947,2033.7269224971003,0.05<x<=0.15,1900<=G<=4200,1.0<=G<1.6,False,True,True,x>0.05 mid/high G: transition check candidate,109.322,1.80127131825,False,True,True,True,False,False,x>0.05,1900<=G<=4200,40<=LD<60
380.09,0.304,18.0,1.88,63.0,0.72,0.06,,none,source09,59.21052631578947,2548.937742863033,0.05<x<=0.15,1900<=G<=4200,1.6<=G<=3.0,False,True,True,x>0.05 mid/high G: transition check candidate,146.538,2.27130534,False,True,True,True,False,False,x>0.05,1900<=G<=4200,40<=LD<60
381.09,0.304,18.0,1.89,299.0,1.7,-0.186,,none,source09,59.21052631578947,2562.4959223463466,x<=0,1900<=G<=4200,1.6<=G<=3.0,True,False,False,lowX: DNB bubble/slug proxy candidate; quality alone not flow-regime proof,695.474,5.362804275,True,True,True,True,True,True,-0.20<x<=-0.10,1900<=G<=4200,40<=LD<60
382.09,0.304,18.0,1.89,62.0,0.715,0.06,,none,source09,59.21052631578947,2562.4959223463466,0.05<x<=0.15,1900<=G<=4200,1.6<=G<=3.0,False,True,True,x>0.05 mid/high G: transition check candidate,144.21200000000002,2.25553238625,False,True,True,True,False,False,x>0.05,1900<=G<=4200,40<=LD<60
383.09,0.304,18.0,1.91,91.0,0.855,0.032,,none,source09,59.21052631578947,2589.6122813129746,0<x<=0.05,1900<=G<=4200,1.6<=G<=3.0,True,False,False,lowX: DNB bubble/slug proxy candidate; quality alone not flow-regime proof,211.666,2.69717509125,True,True,True,True,True,True,0<x<=0.05,1900<=G<=4200,40<=LD<60
384.09,0.304,18.0,1.92,96.0,0.865,0.023,,none,source09,59.21052631578947,2603.170460796289,0<x<=0.05,1900<=G<=4200,1.6<=G<=3.0,True,False,False,lowX: DNB bubble/slug proxy candidate; quality alone not flow-regime proof,223.296,2.72872099875,True,True,True,True,True,True,0<x<=0.05,1900<=G<=4200,40<=LD<60
385.09,0.304,18.0,1.93,223.0,1.42,-0.105,,none,source09,59.21052631578947,2616.7286402796026,x<=0,1900<=G<=4200,1.6<=G<=3.0,True,False,False,lowX: DNB bubble/slug proxy candidate; quality alone not flow-regime proof,518.698,4.479518865,True,True,True,True,True,True,-0.20<x<=-0.10,1900<=G<=4200,40<=LD<60
386.09,0.304,18.0,1.93,27.0,0.58,0.095,,none,source09,59.21052631578947,2616.7286402796026,0.05<x<=0.15,1900<=G<=4200,1.6<=G<=3.0,False,True,True,x>0.05 mid/high G: transition check candidate,62.802,1.829662635,False,True,True,True,False,False,x>0.05,1900<=G<=4200,40<=LD<60
387.09,0.304,18.0,1.95,118.0,0.995,0.006,,none,source09,59.21052631578947,2643.8449992462306,0<x<=0.05,1900<=G<=4200,1.6<=G<=3.0,True,False,False,lowX: DNB bubble/slug proxy candidate; quality alone not flow-regime proof,274.468,3.13881779625,True,True,True,True,True,True,0<x<=0.05,1900<=G<=4200,40<=LD<60
388.09,0.304,18.0,1.95,284.0,1.67,-0.175,,none,source09,59.21052631578947,2643.8449992462306,x<=0,1900<=G<=4200,1.6<=G<=3.0,True,False,False,lowX: DNB bubble/slug proxy candidate; quality alone not flow-regime proof,660.5840000000001,5.2681665525,True,True,True,True,True,True,-0.20<x<=-0.10,1900<=G<=4200,40<=LD<60
389.09,0.304,18.0,1.95,221.0,1.44,-0.099,,none,source09,59.21052631578947,2643.8449992462306,x<=0,1900<=G<=4200,1.6<=G<=3.0,True,False,False,lowX: DNB bubble/slug proxy candidate; quality alone not flow-regime proof,514.046,4.54261068,True,True,True,True,True,True,-0.10<x<=0,1900<=G<=4200,40<=LD<60
390.09,0.304,18.0,1.96,119.0,1.0,0.004,,none,source09,59.21052631578947,2657.403178729545,0<x<=0.05,1900<=G<=4200,1.6<=G<=3.0,True,False,False,lowX: DNB bubble/slug proxy candidate; quality alone not flow-regime proof,276.794,3.15459075,True,True,True,True,True,True,0<x<=0.05,1900<=G<=4200,40<=LD<60
391.09,0.304,18.0,1.96,28.0,0.57,0.088,,none,source09,59.21052631578947,2657.403178729545,0.05<x<=0.15,1900<=G<=4200,1.6<=G<=3.0,False,True,True,x>0.05 mid/high G: transition check candidate,65.128,1.7981167274999998,False,True,True,True,False,False,x>0.05,1900<=G<=4200,40<=LD<60
392.09,0.304,18.0,1.97,155.0,1.14,-0.039,,none,source09,59.21052631578947,2670.9613582128586,x<=0,1900<=G<=4200,1.6<=G<=3.0,True,False,False,lowX: DNB bubble/slug proxy candidate; quality alone not flow-regime proof,360.53000000000003,3.5962334549999997,True,True,True,True,True,True,-0.10<x<=0,1900<=G<=4200,40<=LD<60
393.09,0.304,18.0,1.98,155.0,1.14,-0.04,,none,source09,59.21052631578947,2684.519537696173,x<=0,1900<=G<=4200,1.6<=G<=3.0,True,False,False,lowX: DNB bubble/slug proxy candidate; quality alone not flow-regime proof,360.53000000000003,3.5962334549999997,True,True,True,True,True,True,-0.10<x<=0,1900<=G<=4200,40<=LD<60
394.09,0.304,18.0,1.99,170.0,1.23,-0.051,,none,source09,59.21052631578947,2698.0777171794866,x<=0,1900<=G<=4200,1.6<=G<=3.0,True,False,False,lowX: DNB bubble/slug proxy candidate; quality alone not flow-regime proof,395.42,3.8801466225,True,True,True,True,True,True,-0.10<x<=0,1900<=G<=4200,40<=LD<60
395.09,0.304,18.0,2.0,184.0,1.29,-0.067,,none,source09,59.21052631578947,2711.635896662801,x<=0,1900<=G<=4200,1.6<=G<=3.0,True,False,False,lowX: DNB bubble/slug proxy candidate; quality alone not flow-regime proof,427.98400000000004,4.069422067500001,True,True,True,True,True,True,-0.10<x<=0,1900<=G<=4200,40<=LD<60
524.09,0.436,18.0,0.126,54.5,0.296,0.72,DJ,DJ,source09,41.28440366972477,170.83306148975646,x>0.5,G<1900,G<1.0,False,True,True,x>0.05 but low G: not automatically annular; keep as possible bubbly/slug-side check,126.76700000000001,0.933758862,False,True,False,True,False,False,x>0.05,G<1900,40<=LD<60
525.09,0.436,18.0,0.126,31.5,0.275,0.71,DJ,DJ,source09,41.28440366972477,170.83306148975646,x>0.5,G<1900,G<1.0,False,True,True,x>0.05 but low G: not automatically annular; keep as possible bubbly/slug-side check,73.269,0.8675124562500001,False,True,False,True,False,False,x>0.05,G<1900,40<=LD<60
526.09,0.436,18.0,0.132,42.5,0.259,0.608,DJ,DJ,source09,41.28440366972477,178.96796917974487,x>0.5,G<1900,G<1.0,False,True,True,x>0.05 but low G: not automatically annular; keep as possible bubbly/slug-side check,98.855,0.8170390042500001,False,True,False,True,False,False,x>0.05,G<1900,40<=LD<60
527.09,0.436,18.0,0.133,85.0,0.32,0.674,DJ,DJ,source09,41.28440366972477,180.32378712807628,x>0.5,G<1900,G<1.0,False,True,True,x>0.05 but low G: not automatically annular; keep as possible bubbly/slug-side check,197.71,1.0094690400000002,False,True,False,True,False,False,x>0.05,G<1900,40<=LD<60
528.09,0.436,18.0,0.134,83.5,0.315,0.658,J,J,source09,41.28440366972477,181.67960507640768,x>0.5,G<1900,G<1.0,False,True,True,x>0.05 but low G: not automatically annular; keep as possible bubbly/slug-side check,194.221,0.99369608625,False,True,False,True,False,False,x>0.05,G<1900,40<=LD<60
529.09,0.436,18.0,0.135,128.0,0.349,0.645,J,J,source09,41.28440366972477,183.03542302473903,x>0.5,G<1900,G<1.0,False,True,True,x>0.05 but low G: not automatically annular; keep as possible bubbly/slug-side check,297.728,1.10095217175,False,True,False,True,False,False,x>0.05,G<1900,40<=LD<60
530.09,0.436,18.0,0.135,241.0,0.399,0.533,J,J,source09,41.28440366972477,183.03542302473903,x>0.5,G<1900,G<1.0,False,True,True,x>0.05 but low G: not automatically annular; keep as possible bubbly/slug-side check,560.566,1.25868170925,False,True,False,True,False,False,x>0.05,G<1900,40<=LD<60
531.09,0.436,18.0,0.136,311.0,0.415,0.416,J,J,source09,41.28440366972477,184.39124097307047,0.15<x<=0.5,G<1900,G<1.0,False,True,True,x>0.05 but low G: not automatically annular; keep as possible bubbly/slug-side check,723.386,1.30915516125,False,True,False,True,False,False,x>0.05,G<1900,40<=LD<60
532.09,0.436,18.0,0.136,26.5,0.279,0.674,J,J,source09,41.28440366972477,184.39124097307047,x>0.5,G<1900,G<1.0,False,True,True,x>0.05 but low G: not automatically annular; keep as possible bubbly/slug-side check,61.639,0.8801308192500001,False,True,False,True,False,False,x>0.05,G<1900,40<=LD<60
533.09,0.436,18.0,0.136,117.0,0.345,0.652,J,J,source09,41.28440366972477,184.39124097307047,x>0.5,G<1900,G<1.0,False,True,True,x>0.05 but low G: not automatically annular; keep as possible bubbly/slug-side check,272.142,1.0883338087499999,False,True,False,True,False,False,x>0.05,G<1900,40<=LD<60
534.09,0.436,18.0,0.138,15.5,0.279,0.687,J,J,source09,41.28440366972477,187.10287686973328,x>0.5,G<1900,G<1.0,False,True,True,x>0.05 but low G: not automatically annular; keep as possible bubbly/slug-side check,36.053000000000004,0.8801308192500001,False,True,False,True,False,False,x>0.05,G<1900,40<=LD<60
535.09,0.436,18.0,0.138,61.0,0.303,0.651,J,J,source09,41.28440366972477,187.10287686973328,x>0.5,G<1900,G<1.0,False,True,True,x>0.05 but low G: not automatically annular; keep as possible bubbly/slug-side check,141.886,0.95584099725,False,True,False,True,False,False,x>0.05,G<1900,40<=LD<60
536.09,0.436,18.0,0.138,48.5,0.28,0.618,J,J,source09,41.28440366972477,187.10287686973328,x>0.5,G<1900,G<1.0,False,True,True,x>0.05 but low G: not automatically annular; keep as possible bubbly/slug-side check,112.811,0.8832854100000002,False,True,False,True,False,False,x>0.05,G<1900,40<=LD<60
537.09,0.436,18.0,0.138,183.0,0.39,0.612,J,J,source09,41.28440366972477,187.10287686973328,x>0.5,G<1900,G<1.0,False,True,True,x>0.05 but low G: not automatically annular; keep as possible bubbly/slug-side check,425.658,1.2302903925000002,False,True,False,True,False,False,x>0.05,G<1900,40<=LD<60
538.09,0.436,18.0,0.14,489.0,0.5,0.217,J,J,source09,41.28440366972477,189.8145127663961,0.15<x<=0.5,G<1900,G<1.0,False,True,True,x>0.05 but low G: not automatically annular; keep as possible bubbly/slug-side check,1137.414,1.577295375,False,True,False,True,False,False,x>0.05,G<1900,40<=LD<60
539.09,0.436,18.0,0.14,173.0,0.383,0.602,J,J,source09,41.28440366972477,189.8145127663961,x>0.5,G<1900,G<1.0,False,True,True,x>0.05 but low G: not automatically annular; keep as possible bubbly/slug-side check,402.398,1.2082082572500001,False,True,False,True,False,False,x>0.05,G<1900,40<=LD<60
540.09,0.436,18.0,0.14,222.0,0.41,0.565,J,J,source09,41.28440366972477,189.8145127663961,x>0.5,G<1900,G<1.0,False,True,True,x>0.05 but low G: not automatically annular; keep as possible bubbly/slug-side check,516.3720000000001,1.2933822074999999,False,True,False,True,False,False,x>0.05,G<1900,40<=LD<60
541.09,0.436,18.0,0.14,170.0,0.383,0.608,J,J,source09,41.28440366972477,189.8145127663961,x>0.5,G<1900,G<1.0,False,True,True,x>0.05 but low G: not automatically annular; keep as possible bubbly/slug-side check,395.42,1.2082082572500001,False,True,False,True,False,False,x>0.05,G<1900,40<=LD<60
542.09,0.436,18.0,0.14,75.5,0.316,0.641,J,J,source09,41.28440366972477,189.8145127663961,x>0.5,G<1900,G<1.0,False,True,True,x>0.05 but low G: not automatically annular; keep as possible bubbly/slug-side check,175.613,0.9968506770000001,False,True,False,True,False,False,x>0.05,G<1900,40<=LD<60
543.09,0.436,18.0,0.141,311.0,0.423,0.398,J,J,source09,41.28440366972477,191.17033071472744,0.15<x<=0.5,G<1900,G<1.0,False,True,True,x>0.05 but low G: not automatically annular; keep as possible bubbly/slug-side check,723.386,1.33439188725,False,True,False,True,False,False,x>0.05,G<1900,40<=LD<60
544.09,0.436,18.0,0.144,120.0,0.355,0.62,J,J,source09,41.28440366972477,195.2377845597217,x>0.5,G<1900,G<1.0,False,True,True,x>0.05 but low G: not automatically annular; keep as possible bubbly/slug-side check,279.12,1.11987971625,False,True,False,True,False,False,x>0.05,G<1900,40<=LD<60
545.09,0.436,18.0,0.144,470.0,0.495,0.211,J,J,source09,41.28440366972477,195.2377845597217,0.15<x<=0.5,G<1900,G<1.0,False,True,True,x>0.05 but low G: not automatically annular; keep as possible bubbly/slug-side check,1093.22,1.56152242125,False,True,False,True,False,False,x>0.05,G<1900,40<=LD<60
546.09,0.436,18.0,0.145,140.0,0.37,0.607,J,J,source09,41.28440366972477,196.59360250805304,x>0.5,G<1900,G<1.0,False,True,True,x>0.05 but low G: not automatically annular; keep as possible bubbly/slug-side check,325.64,1.1671985775,False,True,False,True,False,False,x>0.05,G<1900,40<=LD<60
547.09,0.436,18.0,0.146,130.0,0.359,0.596,J,J,source09,41.28440366972477,197.94942045638444,x>0.5,G<1900,G<1.0,False,True,True,x>0.05 but low G: not automatically annular; keep as possible bubbly/slug-side check,302.38,1.13249807925,False,True,False,True,False,False,x>0.05,G<1900,40<=LD<60
548.09,0.436,18.0,0.147,499.0,0.499,0.133,J,J,source09,41.28440366972477,199.30523840471585,0.05<x<=0.15,G<1900,G<1.0,False,True,True,x>0.05 but low G: not automatically annular; keep as possible bubbly/slug-side check,1160.674,1.5741407842500001,False,True,False,True,False,False,x>0.05,G<1900,40<=LD<60
549.09,0.436,18.0,0.148,413.0,0.463,0.224,J,J,source09,41.28440366972477,200.6610563530473,0.15<x<=0.5,G<1900,G<1.0,False,True,True,x>0.05 but low G: not automatically annular; keep as possible bubbly/slug-side check,960.638,1.4605755172500001,False,True,False,True,False,False,x>0.05,G<1900,40<=LD<60
550.09,0.436,18.0,0.149,443.0,0.48,0.192,J,J,source09,41.28440366972477,202.01687430137864,0.15<x<=0.5,G<1900,G<1.0,False,True,True,x>0.05 but low G: not automatically annular; keep as possible bubbly/slug-side check,1030.4180000000001,1.51420356,False,True,False,True,False,False,x>0.05,G<1900,40<=LD<60
551.09,0.436,18.0,0.151,386.0,0.435,0.194,J,J,source09,41.28440366972477,204.72851019804145,0.15<x<=0.5,G<1900,G<1.0,False,True,True,x>0.05 but low G: not automatically annular; keep as possible bubbly/slug-side check,897.836,1.37224697625,False,True,False,True,False,False,x>0.05,G<1900,40<=LD<60
552.09,0.436,18.0,0.152,138.0,0.381,0.595,J,J,source09,41.28440366972477,206.08432814637283,x>0.5,G<1900,G<1.0,False,True,True,x>0.05 but low G: not automatically annular; keep as possible bubbly/slug-side check,320.988,1.20189907575,False,True,False,True,False,False,x>0.05,G<1900,40<=LD<60
553.09,0.436,18.0,0.152,357.0,0.44,0.261,J,J,source09,41.28440366972477,206.08432814637283,0.15<x<=0.5,G<1900,G<1.0,False,True,True,x>0.05 but low G: not automatically annular; keep as possible bubbly/slug-side check,830.3820000000001,1.38801993,False,True,False,True,False,False,x>0.05,G<1900,40<=LD<60
554.09,0.436,18.0,0.154,446.0,0.462,0.107,J,J,source09,41.28440366972477,208.79596404303567,0.05<x<=0.15,G<1900,G<1.0,False,True,True,x>0.05 but low G: not automatically annular; keep as possible bubbly/slug-side check,1037.396,1.4574209265000002,False,True,False,True,False,False,x>0.05,G<1900,40<=LD<60
555.09,0.436,18.0,0.154,422.0,0.45,0.131,J,J,source09,41.28440366972477,208.79596404303567,0.05<x<=0.15,G<1900,G<1.0,False,True,True,x>0.05 but low G: not automatically annular; keep as possible bubbly/slug-side check,981.572,1.4195658375,False,True,False,True,False,False,x>0.05,G<1900,40<=LD<60
556.09,0.436,18.0,0.155,500.0,0.509,0.091,J,J,source09,41.28440366972477,210.15178199136707,0.05<x<=0.15,G<1900,G<1.0,False,True,True,x>0.05 but low G: not automatically annular; keep as possible bubbly/slug-side check,1163.0,1.6056866917500001,False,True,False,True,False,False,x>0.05,G<1900,40<=LD<60
557.09,0.436,18.0,0.24,281.0,0.599,0.283,J,J,source09,41.28440366972477,325.3963075995361,0.15<x<=0.5,G<1900,G<1.0,False,True,True,x>0.05 but low G: not automatically annular; keep as possible bubbly/slug-side check,653.606,1.88959985925,False,True,False,True,False,False,x>0.05,G<1900,40<=LD<60
558.09,0.436,18.0,0.245,481.0,0.818,0.152,J,J,source09,41.28440366972477,332.1753973411931,0.15<x<=0.5,G<1900,G<1.0,False,True,True,x>0.05 but low G: not automatically annular; keep as possible bubbly/slug-side check,1118.806,2.5804552335,False,True,False,True,False,False,x>0.05,G<1900,40<=LD<60
559.09,0.436,18.0,0.246,332.0,0.672,0.257,J,J,source09,41.28440366972477,333.5312152895245,0.15<x<=0.5,G<1900,G<1.0,False,True,True,x>0.05 but low G: not automatically annular; keep as possible bubbly/slug-side check,772.232,2.119884984,False,True,False,True,False,False,x>0.05,G<1900,40<=LD<60
560.09,0.436,18.0,0.25,464.0,0.781,0.112,J,J,source09,41.28440366972477,338.9544870828501,0.05<x<=0.15,G<1900,G<1.0,False,True,True,x>0.05 but low G: not automatically annular; keep as possible bubbly/slug-side check,1079.2640000000001,2.4637353757500002,False,True,False,True,False,False,x>0.05,G<1900,40<=LD<60
561.09,0.436,18.0,0.25,387.0,0.702,0.166,J,J,source09,41.28440366972477,338.9544870828501,0.15<x<=0.5,G<1900,G<1.0,False,True,True,x>0.05 but low G: not automatically annular; keep as possible bubbly/slug-side check,900.162,2.2145227065,False,True,False,True,False,False,x>0.05,G<1900,40<=LD<60
562.09,0.436,18.0,0.25,0.0,0.32,0.456,J,J,source09,41.28440366972477,338.9544870828501,0.15<x<=0.5,G<1900,G<1.0,False,True,True,x>0.05 but low G: not automatically annular; keep as possible bubbly/slug-side check,0.0,1.0094690400000002,False,True,False,True,False,False,x>0.05,G<1900,40<=LD<60
563.09,0.436,18.0,0.251,424.0,0.761,0.165,J,J,source09,41.28440366972477,340.3103050311815,0.15<x<=0.5,G<1900,G<1.0,False,True,True,x>0.05 but low G: not automatically annular; keep as possible bubbly/slug-side check,986.224,2.4006435607500003,False,True,False,True,False,False,x>0.05,G<1900,40<=LD<60
564.09,0.436,18.0,0.251,525.0,0.858,0.085,J,J,source09,41.28440366972477,340.3103050311815,0.05<x<=0.15,G<1900,G<1.0,False,True,True,x>0.05 but low G: not automatically annular; keep as possible bubbly/slug-side check,1221.15,2.7066388635,False,True,False,True,False,False,x>0.05,G<1900,40<=LD<60
565.09,0.436,18.0,0.251,5.5,0.339,0.469,J,J,source09,41.28440366972477,340.3103050311815,0.15<x<=0.5,G<1900,G<1.0,False,True,True,x>0.05 but low G: not automatically annular; keep as possible bubbly/slug-side check,12.793000000000001,1.0694062642500002,False,True,False,True,False,False,x>0.05,G<1900,40<=LD<60
566.09,0.436,18.0,0.252,245.0,0.575,0.284,J,J,source09,41.28440366972477,341.6661229795129,0.15<x<=0.5,G<1900,G<1.0,False,True,True,x>0.05 but low G: not automatically annular; keep as possible bubbly/slug-side check,569.87,1.8138896812499998,False,True,False,True,False,False,x>0.05,G<1900,40<=LD<60
567.09,0.436,18.0,0.252,140.0,0.473,0.367,J,J,source09,41.28440366972477,341.6661229795129,0.15<x<=0.5,G<1900,G<1.0,False,True,True,x>0.05 but low G: not automatically annular; keep as possible bubbly/slug-side check,325.64,1.4921214247499999,False,True,False,True,False,False,x>0.05,G<1900,40<=LD<60
568.09,0.436,18.0,0.253,157.0,0.499,0.364,J,J,source09,41.28440366972477,343.0219409278443,0.15<x<=0.5,G<1900,G<1.0,False,True,True,x>0.05 but low G: not automatically annular; keep as possible bubbly/slug-side check,365.182,1.5741407842500001,False,True,False,True,False,False,x>0.05,G<1900,40<=LD<60
569.09,0.436,18.0,0.254,279.0,0.612,0.257,J,J,source09,41.28440366972477,344.37775887617573,0.15<x<=0.5,G<1900,G<1.0,False,True,True,x>0.05 but low G: not automatically annular; keep as possible bubbly/slug-side check,648.9540000000001,1.930609539,False,True,False,True,False,False,x>0.05,G<1900,40<=LD<60
570.09,0.436,18.0,0.254,152.0,0.489,0.358,J,J,source09,41.28440366972477,344.37775887617573,0.15<x<=0.5,G<1900,G<1.0,False,True,True,x>0.05 but low G: not automatically annular; keep as possible bubbly/slug-side check,353.552,1.54259487675,False,True,False,True,False,False,x>0.05,G<1900,40<=LD<60
571.09,0.436,18.0,0.255,327.0,0.67,0.231,J,J,source09,41.28440366972477,345.7335768245071,0.15<x<=0.5,G<1900,G<1.0,False,True,True,x>0.05 but low G: not automatically annular; keep as possible bubbly/slug-side check,760.602,2.1135758025,False,True,False,True,False,False,x>0.05,G<1900,40<=LD<60
572.09,0.436,18.0,0.255,510.0,0.801,0.019,J,J,source09,41.28440366972477,345.7335768245071,0<x<=0.05,G<1900,G<1.0,True,False,False,lowX: DNB bubble/slug proxy candidate; quality alone not flow-regime proof,1186.26,2.52682719075,True,True,False,True,True,False,0<x<=0.05,G<1900,40<=LD<60
573.09,0.436,18.0,0.256,5.5,0.33,0.448,J,J,source09,41.28440366972477,347.08939477283855,0.15<x<=0.5,G<1900,G<1.0,False,True,True,x>0.05 but low G: not automatically annular; keep as possible bubbly/slug-side check,12.793000000000001,1.0410149475000001,False,True,False,True,False,False,x>0.05,G<1900,40<=LD<60
574.09,0.436,18.0,0.256,204.0,0.549,0.324,J,J,source09,41.28440366972477,347.08939477283855,0.15<x<=0.5,G<1900,G<1.0,False,True,True,x>0.05 but low G: not automatically annular; keep as possible bubbly/slug-side check,474.504,1.7318703217500002,False,True,False,True,False,False,x>0.05,G<1900,40<=LD<60
575.09,0.436,18.0,0.258,601.0,0.88,-0.081,J,J,source09,41.28440366972477,349.8010306695013,x<=0,G<1900,G<1.0,True,False,False,lowX: DNB bubble/slug proxy candidate; quality alone not flow-regime proof,1397.926,2.77603986,True,True,False,True,True,False,-0.10<x<=0,G<1900,40<=LD<60
576.09,0.436,18.0,0.26,42.5,0.373,0.42,J,J,source09,41.28440366972477,352.5126665661641,0.15<x<=0.5,G<1900,G<1.0,False,True,True,x>0.05 but low G: not automatically annular; keep as possible bubbly/slug-side check,98.855,1.17666234975,False,True,False,True,False,False,x>0.05,G<1900,40<=LD<60
577.09,0.436,18.0,0.262,78.0,0.417,0.399,J,J,source09,41.28440366972477,355.2243024628269,0.15<x<=0.5,G<1900,G<1.0,False,True,True,x>0.05 but low G: not automatically annular; keep as possible bubbly/slug-side check,181.428,1.31546434275,False,True,False,True,False,False,x>0.05,G<1900,40<=LD<60
578.09,0.436,18.0,0.262,91.5,0.432,0.39,J,J,source09,41.28440366972477,355.2243024628269,0.15<x<=0.5,G<1900,G<1.0,False,True,True,x>0.05 but low G: not automatically annular; keep as possible bubbly/slug-side check,212.829,1.362783204,False,True,False,True,False,False,x>0.05,G<1900,40<=LD<60
579.09,0.436,18.0,0.262,64.0,0.4,0.406,J,J,source09,41.28440366972477,355.2243024628269,0.15<x<=0.5,G<1900,G<1.0,False,True,True,x>0.05 but low G: not automatically annular; keep as possible bubbly/slug-side check,148.864,1.2618363000000001,False,True,False,True,False,False,x>0.05,G<1900,40<=LD<60
580.09,0.436,18.0,0.266,126.5,0.475,0.363,J,J,source09,41.28440366972477,360.64757425615255,0.15<x<=0.5,G<1900,G<1.0,False,True,True,x>0.05 but low G: not automatically annular; keep as possible bubbly/slug-side check,294.23900000000003,1.49843060625,False,True,False,True,False,False,x>0.05,G<1900,40<=LD<60
581.09,0.436,18.0,0.274,42.5,0.369,0.388,J,J,source09,41.28440366972477,371.49411784280375,0.15<x<=0.5,G<1900,G<1.0,False,True,True,x>0.05 but low G: not automatically annular; keep as possible bubbly/slug-side check,98.855,1.16404398675,False,True,False,True,False,False,x>0.05,G<1900,40<=LD<60
582.09,0.436,18.0,0.449,5.5,0.382,0.291,J,J,source09,41.28440366972477,608.7622588007988,0.15<x<=0.5,G<1900,G<1.0,False,True,True,x>0.05 but low G: not automatically annular; keep as possible bubbly/slug-side check,12.793000000000001,1.2050536665,False,True,False,True,False,False,x>0.05,G<1900,40<=LD<60
583.09,0.436,18.0,0.487,343.0,0.902,-0.08,J,J,source09,41.28440366972477,660.283340837392,x<=0,G<1900,G<1.0,True,False,False,lowX: DNB bubble/slug proxy candidate; quality alone not flow-regime proof,797.818,2.8454408565000002,True,True,False,True,True,False,-0.10<x<=0,G<1900,40<=LD<60
584.09,0.436,18.0,0.491,382.0,0.958,-0.129,J,J,source09,41.28440366972477,665.7066126307176,x<=0,G<1900,G<1.0,True,False,False,lowX: DNB bubble/slug proxy candidate; quality alone not flow-regime proof,888.532,3.0220979385,True,True,False,True,True,False,-0.20<x<=-0.10,G<1900,40<=LD<60
585.09,0.436,18.0,0.496,362.0,1.02,-0.048,J,J,source09,41.28440366972477,672.4857023723746,x<=0,G<1900,G<1.0,True,False,False,lowX: DNB bubble/slug proxy candidate; quality alone not flow-regime proof,842.0120000000001,3.217682565,True,True,False,True,True,False,-0.10<x<=0,G<1900,40<=LD<60
586.09,0.436,18.0,0.496,28.5,0.415,0.237,J,J,source09,41.28440366972477,672.4857023723746,0.15<x<=0.5,G<1900,G<1.0,False,True,True,x>0.05 but low G: not automatically annular; keep as possible bubbly/slug-side check,66.291,1.30915516125,False,True,False,True,False,False,x>0.05,G<1900,40<=LD<60
587.09,0.436,18.0,0.496,420.0,1.06,-0.145,J,J,source09,41.28440366972477,672.4857023723746,x<=0,G<1900,G<1.0,True,False,False,lowX: DNB bubble/slug proxy candidate; quality alone not flow-regime proof,976.9200000000001,3.3438661950000004,True,True,False,True,True,False,-0.20<x<=-0.10,G<1900,40<=LD<60
588.09,0.436,18.0,0.496,287.0,0.801,-0.044,J,J,source09,41.28440366972477,672.4857023723746,x<=0,G<1900,G<1.0,True,False,False,lowX: DNB bubble/slug proxy candidate; quality alone not flow-regime proof,667.562,2.52682719075,True,True,False,True,True,False,-0.10<x<=0,G<1900,40<=LD<60
589.09,0.436,18.0,0.497,162.0,0.6,0.081,J,J,source09,41.28440366972477,673.841520320706,0.05<x<=0.15,G<1900,G<1.0,False,True,True,x>0.05 but low G: not automatically annular; keep as possible bubbly/slug-side check,376.812,1.89275445,False,True,False,True,False,False,x>0.05,G<1900,40<=LD<60
590.09,0.436,18.0,0.5,477.0,1.24,-0.146,J,J,source09,41.28440366972477,677.9089741657002,x<=0,G<1900,G<1.0,True,False,False,lowX: DNB bubble/slug proxy candidate; quality alone not flow-regime proof,1109.502,3.9116925300000003,True,True,False,True,True,False,-0.20<x<=-0.10,G<1900,40<=LD<60
591.09,0.436,18.0,0.502,296.0,0.885,-0.011,J,J,source09,41.28440366972477,680.620610062363,x<=0,G<1900,G<1.0,True,False,False,lowX: DNB bubble/slug proxy candidate; quality alone not flow-regime proof,688.496,2.79181281375,True,True,False,True,True,False,-0.10<x<=0,G<1900,40<=LD<60
592.09,0.436,18.0,0.503,159.0,0.602,0.083,J,J,source09,41.28440366972477,681.9764280106945,0.05<x<=0.15,G<1900,G<1.0,False,True,True,x>0.05 but low G: not automatically annular; keep as possible bubbly/slug-side check,369.834,1.8990636315,False,True,False,True,False,False,x>0.05,G<1900,40<=LD<60
593.09,0.436,18.0,0.505,260.0,0.79,-0.004,J,J,source09,41.28440366972477,684.6880639073572,x<=0,G<1900,G<1.0,True,False,False,lowX: DNB bubble/slug proxy candidate; quality alone not flow-regime proof,604.76,2.4921266925000003,True,True,False,True,True,False,-0.10<x<=0,G<1900,40<=LD<60
594.09,0.436,18.0,0.506,446.0,1.1,-0.188,J,J,source09,41.28440366972477,686.0438818556886,x<=0,G<1900,G<1.0,True,False,False,lowX: DNB bubble/slug proxy candidate; quality alone not flow-regime proof,1037.396,3.4700498250000003,True,True,False,True,True,False,-0.20<x<=-0.10,G<1900,40<=LD<60
595.09,0.436,18.0,0.506,320.0,0.914,-0.047,J,J,source09,41.28440366972477,686.0438818556886,x<=0,G<1900,G<1.0,True,False,False,lowX: DNB bubble/slug proxy candidate; quality alone not flow-regime proof,744.32,2.8832959455,True,True,False,True,True,False,-0.10<x<=0,G<1900,40<=LD<60
596.09,0.436,18.0,0.506,223.0,0.702,0.013,J,J,source09,41.28440366972477,686.0438818556886,0<x<=0.05,G<1900,G<1.0,True,False,False,lowX: DNB bubble/slug proxy candidate; quality alone not flow-regime proof,518.698,2.2145227065,True,True,False,True,True,False,0<x<=0.05,G<1900,40<=LD<60
597.09,0.436,18.0,0.507,508.0,1.1,-0.323,J,J,source09,41.28440366972477,687.39969980402,x<=0,G<1900,G<1.0,True,False,False,lowX: DNB bubble/slug proxy candidate; quality alone not flow-regime proof,1181.608,3.4700498250000003,True,True,False,True,True,False,x<=-0.20,G<1900,40<=LD<60
598.09,0.436,18.0,0.508,217.0,0.7,0.023,J,J,source09,41.28440366972477,688.7555177523515,0<x<=0.05,G<1900,G<1.0,True,False,False,lowX: DNB bubble/slug proxy candidate; quality alone not flow-regime proof,504.742,2.208213525,True,True,False,True,True,False,0<x<=0.05,G<1900,40<=LD<60
599.09,0.436,18.0,0.508,81.0,0.499,0.175,J,J,source09,41.28440366972477,688.7555177523515,0.15<x<=0.5,G<1900,G<1.0,False,True,True,x>0.05 but low G: not automatically annular; keep as possible bubbly/slug-side check,188.406,1.5741407842500001,False,True,False,True,False,False,x>0.05,G<1900,40<=LD<60
600.09,0.436,18.0,0.508,25.0,0.406,0.231,J,J,source09,41.28440366972477,688.7555177523515,0.15<x<=0.5,G<1900,G<1.0,False,True,True,x>0.05 but low G: not automatically annular; keep as possible bubbly/slug-side check,58.15,1.2807638445,False,True,False,True,False,False,x>0.05,G<1900,40<=LD<60
601.09,0.436,18.0,0.509,595.0,1.13,-0.493,J,J,source09,41.28440366972477,690.1113357006828,x<=0,G<1900,G<1.0,True,False,False,lowX: DNB bubble/slug proxy candidate; quality alone not flow-regime proof,1383.97,3.5646875474999997,True,True,False,True,True,False,x<=-0.20,G<1900,40<=LD<60
602.09,0.436,18.0,0.509,552.0,1.2,-0.351,J,J,source09,41.28440366972477,690.1113357006828,x<=0,G<1900,G<1.0,True,False,False,lowX: DNB bubble/slug proxy candidate; quality alone not flow-regime proof,1283.952,3.7855089,True,True,False,True,True,False,x<=-0.20,G<1900,40<=LD<60
603.09,0.436,18.0,0.513,87.5,0.499,0.158,J,J,source09,41.28440366972477,695.5346074940085,0.15<x<=0.5,G<1900,G<1.0,False,True,True,x>0.05 but low G: not automatically annular; keep as possible bubbly/slug-side check,203.525,1.5741407842500001,False,True,False,True,False,False,x>0.05,G<1900,40<=LD<60
604.09,0.436,18.0,0.514,524.0,1.22,-0.285,J,J,source09,41.28440366972477,696.8904254423398,x<=0,G<1900,G<1.0,True,False,False,lowX: DNB bubble/slug proxy candidate; quality alone not flow-regime proof,1218.824,3.848600715,True,True,False,True,True,False,x<=-0.20,G<1900,40<=LD<60
605.09,0.436,18.0,0.795,6.5,0.405,0.168,J,J,source09,41.28440366972477,1077.8752689234634,0.15<x<=0.5,G<1900,G<1.0,False,True,True,x>0.05 but low G: not automatically annular; keep as possible bubbly/slug-side check,15.119,1.2776092537500001,False,True,False,True,False,False,x>0.05,G<1900,40<=LD<60
606.09,0.436,18.0,0.885,8.5,0.443,0.16,J,J,source09,41.28440366972477,1199.8988842732897,0.15<x<=0.5,G<1900,G<1.0,False,True,True,x>0.05 but low G: not automatically annular; keep as possible bubbly/slug-side check,19.771,1.39748370225,False,True,False,True,False,False,x>0.05,G<1900,40<=LD<60
607.09,0.436,18.0,0.978,303.0,1.14,-0.238,J,J,source09,41.28440366972477,1325.9899534681097,x<=0,G<1900,G<1.0,True,False,False,lowX: DNB bubble/slug proxy candidate; quality alone not flow-regime proof,704.778,3.5962334549999997,True,True,False,True,True,False,x<=-0.20,G<1900,40<=LD<60
608.09,0.436,18.0,0.98,305.0,1.165,-0.235,J,J,source09,41.28440366972477,1328.7015893647724,x<=0,G<1900,G<1.0,True,False,False,lowX: DNB bubble/slug proxy candidate; quality alone not flow-regime proof,709.4300000000001,3.67509822375,True,True,False,True,True,False,x<=-0.20,G<1900,40<=LD<60
609.09,0.436,18.0,0.99,127.0,0.734,-0.01,J,J,source09,41.28440366972477,1342.2597688480864,x<=0,G<1900,G<1.0,True,False,False,lowX: DNB bubble/slug proxy candidate; quality alone not flow-regime proof,295.402,2.3154696105,True,True,False,True,True,False,-0.10<x<=0,G<1900,40<=LD<60
610.09,0.436,18.0,0.991,353.0,1.24,-0.316,J,J,source09,41.28440366972477,1343.6155867964178,x<=0,G<1900,G<1.0,True,False,False,lowX: DNB bubble/slug proxy candidate; quality alone not flow-regime proof,821.078,3.9116925300000003,True,True,False,True,True,False,x<=-0.20,G<1900,40<=LD<60
611.09,0.436,18.0,0.991,87.5,0.638,0.041,J,J,source09,41.28440366972477,1343.6155867964178,0<x<=0.05,G<1900,G<1.0,True,False,False,lowX: DNB bubble/slug proxy candidate; quality alone not flow-regime proof,203.525,2.0126288985,True,True,False,True,True,False,0<x<=0.05,G<1900,40<=LD<60
612.09,0.436,18.0,0.991,39.0,0.522,0.104,J,J,source09,41.28440366972477,1343.6155867964178,0.05<x<=0.15,G<1900,G<1.0,False,True,True,x>0.05 but low G: not automatically annular; keep as possible bubbly/slug-side check,90.714,1.6466963715,False,True,False,True,False,False,x>0.05,G<1900,40<=LD<60
613.09,0.436,18.0,0.991,361.0,1.3,-0.312,J,J,source09,41.28440366972477,1343.6155867964178,x<=0,G<1900,G<1.0,True,False,False,lowX: DNB bubble/slug proxy candidate; quality alone not flow-regime proof,839.686,4.1009679750000005,True,True,False,True,True,False,x<=-0.20,G<1900,40<=LD<60
614.09,0.436,18.0,0.992,170.0,0.837,-0.066,J,J,source09,41.28440366972477,1344.9714047447492,x<=0,G<1900,G<1.0,True,False,False,lowX: DNB bubble/slug proxy candidate; quality alone not flow-regime proof,395.42,2.64039245775,True,True,False,True,True,False,-0.10<x<=0,G<1900,40<=LD<60
615.09,0.436,18.0,0.995,256.0,1.03,-0.184,J,J,source09,41.28440366972477,1349.0388585897433,x<=0,G<1900,G<1.0,True,False,False,lowX: DNB bubble/slug proxy candidate; quality alone not flow-regime proof,595.456,3.2492284725,True,True,False,True,True,False,-0.20<x<=-0.10,G<1900,40<=LD<60
616.09,0.436,18.0,1.0,207.0,0.937,-0.113,J,J,source09,41.28440366972477,1355.8179483314004,x<=0,G<1900,G<1.0,True,False,False,lowX: DNB bubble/slug proxy candidate; quality alone not flow-regime proof,481.482,2.95585153275,True,True,False,True,True,False,-0.20<x<=-0.10,G<1900,40<=LD<60
617.09,0.436,18.0,1.0,246.0,1.01,-0.171,J,J,source09,41.28440366972477,1355.8179483314004,x<=0,G<1900,G<1.0,True,False,False,lowX: DNB bubble/slug proxy candidate; quality alone not flow-regime proof,572.196,3.1861366575,True,True,False,True,True,False,-0.20<x<=-0.10,G<1900,40<=LD<60
618.09,0.436,18.0,1.0,202.0,0.897,-0.116,J,J,source09,41.28440366972477,1355.8179483314004,x<=0,G<1900,G<1.0,True,False,False,lowX: DNB bubble/slug proxy candidate; quality alone not flow-regime proof,469.85200000000003,2.8296679027500002,True,True,False,True,True,False,-0.20<x<=-0.10,G<1900,40<=LD<60
619.09,0.436,18.0,1.01,292.0,1.1,-0.242,J,J,source09,41.28440366972477,1369.3761278147144,x<=0,G<1900,1.0<=G<1.6,True,False,False,lowX: DNB bubble/slug proxy candidate; quality alone not flow-regime proof,679.192,3.4700498250000003,True,True,False,True,True,False,x<=-0.20,G<1900,40<=LD<60
620.09,0.436,18.0,1.01,160.0,0.794,-0.065,J,J,source09,41.28440366972477,1369.3761278147144,x<=0,G<1900,1.0<=G<1.6,True,False,False,lowX: DNB bubble/slug proxy candidate; quality alone not flow-regime proof,372.16,2.5047450555000004,True,True,False,True,True,False,-0.10<x<=0,G<1900,40<=LD<60
621.09,0.436,18.0,1.01,37.5,0.505,0.097,J,J,source09,41.28440366972477,1369.3761278147144,0.05<x<=0.15,G<1900,1.0<=G<1.6,False,True,True,x>0.05 but low G: not automatically annular; keep as possible bubbly/slug-side check,87.22500000000001,1.59306832875,False,True,False,True,False,False,x>0.05,G<1900,40<=LD<60
622.09,0.436,18.0,1.03,73.0,0.586,0.045,J,J,source09,41.28440366972477,1396.4924867813424,0<x<=0.05,G<1900,1.0<=G<1.6,True,False,False,lowX: DNB bubble/slug proxy candidate; quality alone not flow-regime proof,169.798,1.8485901795,True,True,False,True,True,False,0<x<=0.05,G<1900,40<=LD<60
623.09,0.436,18.0,1.04,117.0,0.699,-0.013,J,J,source09,41.28440366972477,1410.0506662646565,x<=0,G<1900,1.0<=G<1.6,True,False,False,lowX: DNB bubble/slug proxy candidate; quality alone not flow-regime proof,272.142,2.2050589342499998,True,True,False,True,True,False,-0.10<x<=0,G<1900,40<=LD<60
624.09,0.436,18.0,1.3,10.0,0.499,0.115,J,J,source09,41.28440366972477,1762.5633328308206,0.05<x<=0.15,G<1900,1.0<=G<1.6,False,True,True,x>0.05 but low G: not automatically annular; keep as possible bubbly/slug-side check,23.26,1.5741407842500001,False,True,False,True,False,False,x>0.05,G<1900,40<=LD<60
625.09,0.436,18.0,1.33,25.0,0.536,0.09,J,J,source09,41.28440366972477,1803.2378712807624,0.05<x<=0.15,G<1900,1.0<=G<1.6,False,True,True,x>0.05 but low G: not automatically annular; keep as possible bubbly/slug-side check,58.15,1.690860642,False,True,False,True,False,False,x>0.05,G<1900,40<=LD<60
626.09,0.436,18.0,1.35,26.5,0.559,0.09,J,J,source09,41.28440366972477,1830.354230247391,0.05<x<=0.15,G<1900,1.0<=G<1.6,False,True,True,x>0.05 but low G: not automatically annular; keep as possible bubbly/slug-side check,61.639,1.7634162292500002,False,True,False,True,False,False,x>0.05,G<1900,40<=LD<60
627.09,0.436,18.0,1.4,37.5,0.583,0.067,J,J,source09,41.28440366972477,1898.1451276639605,0.05<x<=0.15,G<1900,1.0<=G<1.6,False,True,True,x>0.05 but low G: not automatically annular; keep as possible bubbly/slug-side check,87.22500000000001,1.83912640725,False,True,False,True,False,False,x>0.05,G<1900,40<=LD<60
628.09,0.436,18.0,1.42,250.0,1.24,-0.228,J,J,source09,41.28440366972477,1925.2614866305885,x<=0,1900<=G<=4200,1.0<=G<1.6,True,False,False,lowX: DNB bubble/slug proxy candidate; quality alone not flow-regime proof,581.5,3.9116925300000003,True,True,True,True,True,True,x<=-0.20,1900<=G<=4200,40<=LD<60
629.09,0.436,18.0,1.44,197.0,1.14,-0.143,J,J,source09,41.28440366972477,1952.3778455972165,x<=0,1900<=G<=4200,1.0<=G<1.6,True,False,False,lowX: DNB bubble/slug proxy candidate; quality alone not flow-regime proof,458.22200000000004,3.5962334549999997,True,True,True,True,True,True,-0.20<x<=-0.10,1900<=G<=4200,40<=LD<60
630.09,0.436,18.0,1.44,68.5,0.709,0.028,J,J,source09,41.28440366972477,1952.3778455972165,0<x<=0.05,1900<=G<=4200,1.0<=G<1.6,True,False,False,lowX: DNB bubble/slug proxy candidate; quality alone not flow-regime proof,159.33100000000002,2.23660484175,True,True,True,True,True,True,0<x<=0.05,1900<=G<=4200,40<=LD<60
631.09,0.436,18.0,1.44,40.5,0.595,0.06,J,J,source09,41.28440366972477,1952.3778455972165,0.05<x<=0.15,1900<=G<=4200,1.0<=G<1.6,False,True,True,x>0.05 mid/high G: transition check candidate,94.203,1.87698149625,False,True,True,True,False,False,x>0.05,1900<=G<=4200,40<=LD<60
632.09,0.436,18.0,1.45,61.5,0.639,0.024,J,J,source09,41.28440366972477,1965.9360250805305,0<x<=0.05,1900<=G<=4200,1.0<=G<1.6,True,False,False,lowX: DNB bubble/slug proxy candidate; quality alone not flow-regime proof,143.049,2.01578348925,True,True,True,True,True,True,0<x<=0.05,1900<=G<=4200,40<=LD<60
633.09,0.436,18.0,1.47,149.0,0.954,-0.09,J,J,source09,41.28440366972477,1993.0523840471585,x<=0,1900<=G<=4200,1.0<=G<1.6,True,False,False,lowX: DNB bubble/slug proxy candidate; quality alone not flow-regime proof,346.574,3.0094795755,True,True,True,True,True,True,-0.10<x<=0,1900<=G<=4200,40<=LD<60
634.09,0.436,18.0,1.47,98.0,0.838,-0.008,J,J,source09,41.28440366972477,1993.0523840471585,x<=0,1900<=G<=4200,1.0<=G<1.6,True,False,False,lowX: DNB bubble/slug proxy candidate; quality alone not flow-regime proof,227.948,2.6435470485,True,True,True,True,True,True,-0.10<x<=0,1900<=G<=4200,40<=LD<60
635.09,0.436,18.0,1.47,77.0,0.741,0.013,J,J,source09,41.28440366972477,1993.0523840471585,0<x<=0.05,1900<=G<=4200,1.0<=G<1.6,True,False,False,lowX: DNB bubble/slug proxy candidate; quality alone not flow-regime proof,179.102,2.33755174575,True,True,True,True,True,True,0<x<=0.05,1900<=G<=4200,40<=LD<60
636.09,0.436,18.0,1.47,120.0,0.897,-0.042,J,J,source09,41.28440366972477,1993.0523840471585,x<=0,1900<=G<=4200,1.0<=G<1.6,True,False,False,lowX: DNB bubble/slug proxy candidate; quality alone not flow-regime proof,279.12,2.8296679027500002,True,True,True,True,True,True,-0.10<x<=0,1900<=G<=4200,40<=LD<60
637.09,0.436,18.0,1.47,97.0,0.8,-0.015,J,J,source09,41.28440366972477,1993.0523840471585,x<=0,1900<=G<=4200,1.0<=G<1.6,True,False,False,lowX: DNB bubble/slug proxy candidate; quality alone not flow-regime proof,225.622,2.5236726000000003,True,True,True,True,True,True,-0.10<x<=0,1900<=G<=4200,40<=LD<60
638.09,0.436,18.0,1.48,145.0,0.997,-0.073,J,J,source09,41.28440366972477,2006.6105635304723,x<=0,1900<=G<=4200,1.0<=G<1.6,True,False,False,lowX: DNB bubble/slug proxy candidate; quality alone not flow-regime proof,337.27,3.14512697775,True,True,True,True,True,True,-0.10<x<=0,1900<=G<=4200,40<=LD<60
639.09,0.436,18.0,1.48,246.0,1.32,-0.213,J,J,source09,41.28440366972477,2006.6105635304723,x<=0,1900<=G<=4200,1.0<=G<1.6,True,False,False,lowX: DNB bubble/slug proxy candidate; quality alone not flow-regime proof,572.196,4.1640597900000005,True,True,True,True,True,True,x<=-0.20,1900<=G<=4200,40<=LD<60
640.09,0.436,18.0,1.49,118.0,0.897,-0.04,J,J,source09,41.28440366972477,2020.1687430137863,x<=0,1900<=G<=4200,1.0<=G<1.6,True,False,False,lowX: DNB bubble/slug proxy candidate; quality alone not flow-regime proof,274.468,2.8296679027500002,True,True,True,True,True,True,-0.10<x<=0,1900<=G<=4200,40<=LD<60
641.09,0.436,18.0,1.5,162.0,1.085,-0.092,J,J,source09,41.28440366972477,2033.7269224971003,x<=0,1900<=G<=4200,1.0<=G<1.6,True,False,False,lowX: DNB bubble/slug proxy candidate; quality alone not flow-regime proof,376.812,3.42273096375,True,True,True,True,True,True,-0.10<x<=0,1900<=G<=4200,40<=LD<60
642.09,0.436,18.0,1.5,160.0,1.075,-0.09,J,J,source09,41.28440366972477,2033.7269224971003,x<=0,1900<=G<=4200,1.0<=G<1.6,True,False,False,lowX: DNB bubble/slug proxy candidate; quality alone not flow-regime proof,372.16,3.39118505625,True,True,True,True,True,True,-0.10<x<=0,1900<=G<=4200,40<=LD<60
643.09,0.436,18.0,1.5,145.0,0.997,-0.076,J,J,source09,41.28440366972477,2033.7269224971003,x<=0,1900<=G<=4200,1.0<=G<1.6,True,False,False,lowX: DNB bubble/slug proxy candidate; quality alone not flow-regime proof,337.27,3.14512697775,True,True,True,True,True,True,-0.10<x<=0,1900<=G<=4200,40<=LD<60
644.09,0.436,18.0,1.51,401.0,1.13,-0.599,J,J,source09,41.28440366972477,2047.2851019804148,x<=0,1900<=G<=4200,1.0<=G<1.6,True,False,False,lowX: DNB bubble/slug proxy candidate; quality alone not flow-regime proof,932.726,3.5646875474999997,True,True,True,True,True,True,x<=-0.20,1900<=G<=4200,40<=LD<60
645.09,0.436,18.0,1.51,91.5,0.804,-0.008,J,J,source09,41.28440366972477,2047.2851019804148,x<=0,1900<=G<=4200,1.0<=G<1.6,True,False,False,lowX: DNB bubble/slug proxy candidate; quality alone not flow-regime proof,212.829,2.5362909630000003,True,True,True,True,True,True,-0.10<x<=0,1900<=G<=4200,40<=LD<60
646.09,0.436,18.0,1.51,62.5,0.705,0.032,J,J,source09,41.28440366972477,2047.2851019804148,0<x<=0.05,1900<=G<=4200,1.0<=G<1.6,True,False,False,lowX: DNB bubble/slug proxy candidate; quality alone not flow-regime proof,145.375,2.22398647875,True,True,True,True,True,True,0<x<=0.05,1900<=G<=4200,40<=LD<60
647.09,0.436,18.0,1.52,195.0,1.19,-0.142,J,J,source09,41.28440366972477,2060.8432814637285,x<=0,1900<=G<=4200,1.0<=G<1.6,True,False,False,lowX: DNB bubble/slug proxy candidate; quality alone not flow-regime proof,453.57,3.7539629925,True,True,True,True,True,True,-0.20<x<=-0.10,1900<=G<=4200,40<=LD<60
648.09,0.436,18.0,1.53,237.0,1.04,-0.269,J,J,source09,41.28440366972477,2074.401460947043,x<=0,1900<=G<=4200,1.0<=G<1.6,True,False,False,lowX: DNB bubble/slug proxy candidate; quality alone not flow-regime proof,551.2620000000001,3.2807743800000004,True,True,True,True,True,True,x<=-0.20,1900<=G<=4200,40<=LD<60
649.09,0.436,18.0,1.55,514.0,1.26,-0.82,J,J,source09,41.28440366972477,2101.517819913671,x<=0,1900<=G<=4200,1.0<=G<1.6,True,False,False,lowX: DNB bubble/slug proxy candidate; quality alone not flow-regime proof,1195.564,3.974784345,True,True,True,True,True,True,x<=-0.20,1900<=G<=4200,40<=LD<60
